op_type	dt	op	n_bufs	count	time_us	gb_s
reducedt	float32	sum	2	1024	0.2	60.53
reducedt	float32	sum	2	2048	0.36	68.08
reducedt	float32	sum	2	4096	0.78	63.18
reducedt	float32	sum	2	8192	2.32	42.41
reducedt	float32	sum	2	16384	4.96	39.62
reducedt	float32	sum	2	32768	8.23	47.75
reducedt	float32	sum	2	65536	10.27	76.58
reducedt	float32	sum	2	131072	20.39	77.12
reducedt	float32	sum	2	262144	42.23	74.48
reducedt	float32	sum	2	524288	128.69	48.89
reducedt	float32	sum	2	1048576	312.12	40.31
reducedt	float32	sum	2	2097152	496.01	50.74
reducedt	float32	sum	2	4194304	922.25	54.57
reducedt	float32	sum	2	8388608	1835.51	54.84
reducedt	float32	sum	2	16777216	3242.16	62.10
reducedt	float32	sum	2	33554432	10200.45	39.47
reducedt	float32	sum	2	67108864	26168.44	30.77
reducedt	float32	sum	8	1024	0.51	73.00
reducedt	float32	sum	8	2048	0.95	77.36
reducedt	float32	sum	8	4096	3.54	41.63
reducedt	float32	sum	8	8192	6.37	46.32
reducedt	float32	sum	8	16384	9.64	61.20
reducedt	float32	sum	8	32768	11.19	105.44
reducedt	float32	sum	8	65536	20.12	117.26
reducedt	float32	sum	8	131072	40.19	117.42
reducedt	float32	sum	8	262144	82.56	114.30
reducedt	float32	sum	8	524288	169.46	111.38
reducedt	float32	sum	8	1048576	340.44	110.88
reducedt	float32	sum	8	2097152	677.01	111.52
reducedt	float32	sum	8	4194304	1350.24	111.83
reducedt	float32	sum	8	8388608	2645.66	114.15
reducedt	float32	sum	8	16777216	5378.48	112.30
reducedt	float32	sum	8	33554432	11772.0	102.61
reducedt	float32	sum	8	67108864	26974.83	89.56
reducedt	float32	prod	2	1024	0.21	59.08
reducedt	float32	prod	2	2048	0.38	64.17
reducedt	float32	prod	2	4096	1.1	44.56
reducedt	float32	prod	2	8192	2.39	41.17
reducedt	float32	prod	2	16384	4.72	41.68
reducedt	float32	prod	2	32768	8.34	47.14
reducedt	float32	prod	2	65536	14.31	54.94
reducedt	float32	prod	2	131072	31.12	50.53
reducedt	float32	prod	2	262144	65.98	47.67
reducedt	float32	prod	2	524288	136.11	46.22
reducedt	float32	prod	2	1048576	294.57	42.72
reducedt	float32	prod	2	2097152	537.56	46.81
reducedt	float32	prod	2	4194304	780.43	64.49
reducedt	float32	prod	2	8388608	1110.61	90.64
reducedt	float32	prod	2	16777216	2449.7	82.18
reducedt	float32	prod	2	33554432	10083.08	39.93
reducedt	float32	prod	2	67108864	26127.69	30.82
reducedt	float32	prod	8	1024	0.52	71.17
reducedt	float32	prod	8	2048	1.42	51.85
reducedt	float32	prod	8	4096	2.5	58.89
reducedt	float32	prod	8	8192	6.1	48.35
reducedt	float32	prod	8	16384	9.38	62.87
reducedt	float32	prod	8	32768	18.87	62.51
reducedt	float32	prod	8	65536	37.0	63.76
reducedt	float32	prod	8	131072	73.48	64.21
reducedt	float32	prod	8	262144	148.8	63.42
reducedt	float32	prod	8	524288	301.49	62.60
reducedt	float32	prod	8	1048576	610.66	61.82
reducedt	float32	prod	8	2097152	1121.22	67.33
reducedt	float32	prod	8	4194304	1272.54	118.66
reducedt	float32	prod	8	8388608	2560.36	117.95
reducedt	float32	prod	8	16777216	5228.73	115.51
reducedt	float32	prod	8	33554432	11677.92	103.44
reducedt	float32	prod	8	67108864	26983.12	89.53
reducedt	float32	min	2	1024	0.2	60.24
reducedt	float32	min	2	2048	0.38	65.54
reducedt	float32	min	2	4096	0.85	57.83
reducedt	float32	min	2	8192	2.32	42.30
reducedt	float32	min	2	16384	4.71	41.77
reducedt	float32	min	2	32768	7.94	49.53
reducedt	float32	min	2	65536	11.41	68.92
reducedt	float32	min	2	131072	21.19	74.23
reducedt	float32	min	2	262144	44.37	70.91
reducedt	float32	min	2	524288	132.76	47.39
reducedt	float32	min	2	1048576	300.0	41.94
reducedt	float32	min	2	2097152	486.52	51.73
reducedt	float32	min	2	4194304	954.22	52.75
reducedt	float32	min	2	8388608	1922.05	52.37
reducedt	float32	min	2	16777216	3619.59	55.62
reducedt	float32	min	2	33554432	10083.75	39.93
reducedt	float32	min	2	67108864	25779.47	31.24
reducedt	float32	min	8	1024	0.27	136.03
reducedt	float32	min	8	2048	0.83	89.04
reducedt	float32	min	8	4096	1.86	79.19
reducedt	float32	min	8	8192	3.2	92.04
reducedt	float32	min	8	16384	4.87	121.24
reducedt	float32	min	8	32768	9.84	119.86
reducedt	float32	min	8	65536	19.29	122.31
reducedt	float32	min	8	131072	40.38	116.87
reducedt	float32	min	8	262144	77.93	121.10
reducedt	float32	min	8	524288	163.29	115.58
reducedt	float32	min	8	1048576	329.23	114.66
reducedt	float32	min	8	2097152	656.92	114.93
reducedt	float32	min	8	4194304	1326.9	113.79
reducedt	float32	min	8	8388608	2756.7	109.55
reducedt	float32	min	8	16777216	5165.63	116.92
reducedt	float32	min	8	33554432	11639.98	103.78
reducedt	float32	min	8	67108864	27110.63	89.11
reducedt	float32	max	2	1024	0.21	59.65
reducedt	float32	max	2	2048	0.38	65.19
reducedt	float32	max	2	4096	0.79	61.98
reducedt	float32	max	2	8192	2.62	37.58
reducedt	float32	max	2	16384	4.72	41.65
reducedt	float32	max	2	32768	8.07	48.70
reducedt	float32	max	2	65536	10.36	75.95
reducedt	float32	max	2	131072	22.34	70.41
reducedt	float32	max	2	262144	41.02	76.69
reducedt	float32	max	2	524288	124.19	50.66
reducedt	float32	max	2	1048576	292.81	42.97
reducedt	float32	max	2	2097152	487.6	51.61
reducedt	float32	max	2	4194304	965.13	52.15
reducedt	float32	max	2	8388608	1505.19	66.88
reducedt	float32	max	2	16777216	2434.31	82.70
reducedt	float32	max	2	33554432	10144.34	39.69
reducedt	float32	max	2	67108864	26295.4	30.63
reducedt	float32	max	8	1024	0.5	73.88
reducedt	float32	max	8	2048	1.72	42.79
reducedt	float32	max	8	4096	3.17	46.52
reducedt	float32	max	8	8192	6.95	42.46
reducedt	float32	max	8	16384	9.74	60.54
reducedt	float32	max	8	32768	18.85	62.57
reducedt	float32	max	8	65536	36.77	64.15
reducedt	float32	max	8	131072	73.79	63.95
reducedt	float32	max	8	262144	149.48	63.13
reducedt	float32	max	8	524288	318.44	59.27
reducedt	float32	max	8	1048576	629.01	60.01
reducedt	float32	max	8	2097152	1279.87	58.99
reducedt	float32	max	8	4194304	2536.02	59.54
reducedt	float32	max	8	8388608	2557.85	118.06
reducedt	float32	max	8	16777216	5205.43	116.03
reducedt	float32	max	8	33554432	11652.16	103.67
reducedt	float32	max	8	67108864	27092.76	89.17
reducedt	float64	sum	2	1024	0.19	130.72
reducedt	float64	sum	2	2048	0.42	117.03
reducedt	float64	sum	2	4096	1.18	83.31
reducedt	float64	sum	2	8192	2.46	79.82
reducedt	float64	sum	2	16384	4.13	95.30
reducedt	float64	sum	2	32768	5.59	140.69
reducedt	float64	sum	2	65536	10.8	145.64
reducedt	float64	sum	2	131072	23.01	136.71
reducedt	float64	sum	2	262144	55.54	113.28
reducedt	float64	sum	2	524288	140.3	89.69
reducedt	float64	sum	2	1048576	282.31	89.14
reducedt	float64	sum	2	2097152	562.87	89.42
reducedt	float64	sum	2	4194304	1137.43	88.50
reducedt	float64	sum	2	8388608	2628.22	76.60
reducedt	float64	sum	2	16777216	10122.5	39.78
reducedt	float64	sum	2	33554432	26175.56	30.77
reducedt	float64	sum	2	67108864	57310.5	28.10
reducedt	float64	sum	8	1024	1.69	43.63
reducedt	float64	sum	8	2048	1.86	79.45
reducedt	float64	sum	8	4096	6.76	43.60
reducedt	float64	sum	8	8192	9.66	61.08
reducedt	float64	sum	8	16384	19.17	61.54
reducedt	float64	sum	8	32768	21.5	109.73
reducedt	float64	sum	8	65536	40.02	117.91
reducedt	float64	sum	8	131072	80.27	117.57
reducedt	float64	sum	8	262144	163.37	115.53
reducedt	float64	sum	8	524288	327.18	115.38
reducedt	float64	sum	8	1048576	653.57	115.52
reducedt	float64	sum	8	2097152	1312.73	115.02
reducedt	float64	sum	8	4194304	2668.29	113.18
reducedt	float64	sum	8	8388608	5378.83	112.29
reducedt	float64	sum	8	16777216	11735.11	102.94
reducedt	float64	sum	8	33554432	27825.6	86.82
reducedt	float64	sum	8	67108864	57311.59	84.31
reducedt	float64	prod	2	1024	0.38	65.36
reducedt	float64	prod	2	2048	0.86	57.15
reducedt	float64	prod	2	4096	1.41	69.97
reducedt	float64	prod	2	8192	4.27	46.08
reducedt	float64	prod	2	16384	5.75	68.44
reducedt	float64	prod	2	32768	5.28	148.97
reducedt	float64	prod	2	65536	10.59	148.59
reducedt	float64	prod	2	131072	20.77	151.49
reducedt	float64	prod	2	262144	89.99	69.91
reducedt	float64	prod	2	524288	241.19	52.17
reducedt	float64	prod	2	1048576	358.0	70.30
reducedt	float64	prod	2	2097152	564.07	89.23
reducedt	float64	prod	2	4194304	1132.17	88.91
reducedt	float64	prod	2	8388608	2497.18	80.62
reducedt	float64	prod	2	16777216	10062.65	40.01
reducedt	float64	prod	2	33554432	26073.62	30.89
reducedt	float64	prod	2	67108864	56961.07	28.28
reducedt	float64	prod	8	1024	1.69	43.52
reducedt	float64	prod	8	2048	2.1	70.25
reducedt	float64	prod	8	4096	7.33	40.25
reducedt	float64	prod	8	8192	9.62	61.29
reducedt	float64	prod	8	16384	18.68	63.16
reducedt	float64	prod	8	32768	36.79	64.13
reducedt	float64	prod	8	65536	73.19	64.47
reducedt	float64	prod	8	131072	149.18	63.26
reducedt	float64	prod	8	262144	300.95	62.72
reducedt	float64	prod	8	524288	610.24	61.86
reducedt	float64	prod	8	1048576	1214.93	62.14
reducedt	float64	prod	8	2097152	2458.32	61.42
reducedt	float64	prod	8	4194304	2762.69	109.31
reducedt	float64	prod	8	8388608	5226.82	115.55
reducedt	float64	prod	8	16777216	11654.93	103.64
reducedt	float64	prod	8	33554432	27031.49	89.37
reducedt	float64	prod	8	67108864	57352.32	84.25
reducedt	float64	min	2	1024	0.38	65.36
reducedt	float64	min	2	2048	0.81	60.83
reducedt	float64	min	2	4096	1.8	54.64
reducedt	float64	min	2	8192	4.28	45.96
reducedt	float64	min	2	16384	7.45	52.82
reducedt	float64	min	2	32768	10.18	77.25
reducedt	float64	min	2	65536	19.81	79.40
reducedt	float64	min	2	131072	41.16	76.44
reducedt	float64	min	2	262144	124.22	50.65
reducedt	float64	min	2	524288	307.95	40.86
reducedt	float64	min	2	1048576	501.31	50.20
reducedt	float64	min	2	2097152	960.84	52.38
reducedt	float64	min	2	4194304	1983.73	50.74
reducedt	float64	min	2	8388608	3009.02	66.91
reducedt	float64	min	2	16777216	9944.75	40.49
reducedt	float64	min	2	33554432	25865.45	31.13
reducedt	float64	min	2	67108864	56531.72	28.49
reducedt	float64	min	8	1024	1.74	42.49
reducedt	float64	min	8	2048	2.22	66.54
reducedt	float64	min	8	4096	7.16	41.18
reducedt	float64	min	8	8192	9.46	62.38
reducedt	float64	min	8	16384	18.61	63.37
reducedt	float64	min	8	32768	36.73	64.24
reducedt	float64	min	8	65536	73.78	63.95
reducedt	float64	min	8	131072	154.09	61.24
reducedt	float64	min	8	262144	315.13	59.89
reducedt	float64	min	8	524288	628.8	60.03
reducedt	float64	min	8	1048576	1250.36	60.38
reducedt	float64	min	8	2097152	1569.66	96.20
reducedt	float64	min	8	4194304	2733.16	110.49
reducedt	float64	min	8	8388608	5237.23	115.32
reducedt	float64	min	8	16777216	11571.83	104.39
reducedt	float64	min	8	33554432	26870.26	89.91
reducedt	float64	min	8	67108864	56953.93	84.84
reducedt	float64	max	2	1024	0.38	65.54
reducedt	float64	max	2	2048	0.81	60.76
reducedt	float64	max	2	4096	2.11	46.68
reducedt	float64	max	2	8192	4.98	39.48
reducedt	float64	max	2	16384	8.19	48.03
reducedt	float64	max	2	32768	10.44	75.34
reducedt	float64	max	2	65536	22.0	71.48
reducedt	float64	max	2	131072	41.28	76.20
reducedt	float64	max	2	262144	132.07	47.64
reducedt	float64	max	2	524288	316.6	39.74
reducedt	float64	max	2	1048576	499.23	50.41
reducedt	float64	max	2	2097152	931.57	54.03
reducedt	float64	max	2	4194304	1956.19	51.46
reducedt	float64	max	2	8388608	3238.96	62.16
reducedt	float64	max	2	16777216	10059.0	40.03
reducedt	float64	max	2	33554432	25992.76	30.98
reducedt	float64	max	2	67108864	56888.54	28.31
reducedt	float64	max	8	1024	1.73	42.64
reducedt	float64	max	8	2048	1.98	74.32
reducedt	float64	max	8	4096	6.99	42.22
reducedt	float64	max	8	8192	9.46	62.34
reducedt	float64	max	8	16384	18.55	63.58
reducedt	float64	max	8	32768	36.78	64.15
reducedt	float64	max	8	65536	73.33	64.34
reducedt	float64	max	8	131072	151.93	62.12
reducedt	float64	max	8	262144	313.04	60.29
reducedt	float64	max	8	524288	626.2	60.28
reducedt	float64	max	8	1048576	1272.64	59.32
reducedt	float64	max	8	2097152	1677.89	89.99
reducedt	float64	max	8	4194304	2646.07	114.13
reducedt	float64	max	8	8388608	5197.59	116.20
reducedt	float64	max	8	16777216	11560.52	104.49
reducedt	float64	max	8	33554432	26868.81	89.92
reducedt	float64	max	8	67108864	57052.14	84.69
reducedt	int32	sum	2	1024	0.32	38.28
reducedt	int32	sum	2	2048	0.37	66.96
reducedt	int32	sum	2	4096	1.11	44.28
reducedt	int32	sum	2	8192	2.33	42.15
reducedt	int32	sum	2	16384	4.71	41.76
reducedt	int32	sum	2	32768	8.12	48.45
reducedt	int32	sum	2	65536	11.37	69.17
reducedt	int32	sum	2	131072	25.14	62.55
reducedt	int32	sum	2	262144	58.9	53.41
reducedt	int32	sum	2	524288	121.31	51.86
reducedt	int32	sum	2	1048576	311.51	40.39
reducedt	int32	sum	2	2097152	504.5	49.88
reducedt	int32	sum	2	4194304	999.6	50.35
reducedt	int32	sum	2	8388608	1442.5	69.78
reducedt	int32	sum	2	16777216	2529.72	79.58
reducedt	int32	sum	2	33554432	10104.0	39.85
reducedt	int32	sum	2	67108864	25837.72	31.17
reducedt	int32	sum	8	1024	0.47	77.61
reducedt	int32	sum	8	2048	1.59	46.31
reducedt	int32	sum	8	4096	3.81	38.68
reducedt	int32	sum	8	8192	6.17	47.82
reducedt	int32	sum	8	16384	9.51	62.04
reducedt	int32	sum	8	32768	18.64	63.30
reducedt	int32	sum	8	65536	36.69	64.30
reducedt	int32	sum	8	131072	73.42	64.26
reducedt	int32	sum	8	262144	148.85	63.40
reducedt	int32	sum	8	524288	300.87	62.73
reducedt	int32	sum	8	1048576	606.63	62.23
reducedt	int32	sum	8	2097152	1230.67	61.35
reducedt	int32	sum	8	4194304	2205.39	68.47
reducedt	int32	sum	8	8388608	2566.11	117.68
reducedt	int32	sum	8	16777216	5206.81	116.00
reducedt	int32	sum	8	33554432	11605.85	104.08
reducedt	int32	sum	8	67108864	27036.49	89.36
reducedt	int32	prod	2	1024	0.4	30.80
reducedt	int32	prod	2	2048	0.83	29.54
reducedt	int32	prod	2	4096	1.45	33.94
reducedt	int32	prod	2	8192	3.22	30.51
reducedt	int32	prod	2	16384	6.75	29.13
reducedt	int32	prod	2	32768	12.1	32.51
reducedt	int32	prod	2	65536	24.34	32.32
reducedt	int32	prod	2	131072	45.36	34.68
reducedt	int32	prod	2	262144	93.36	33.69
reducedt	int32	prod	2	524288	183.13	34.36
reducedt	int32	prod	2	1048576	360.96	34.86
reducedt	int32	prod	2	2097152	735.92	34.20
reducedt	int32	prod	2	4194304	1464.99	34.36
reducedt	int32	prod	2	8388608	2374.13	42.40
reducedt	int32	prod	2	16777216	3272.86	61.51
reducedt	int32	prod	2	33554432	9826.77	40.98
reducedt	int32	prod	2	67108864	25476.97	31.61
reducedt	int32	prod	8	1024	3.07	12.00
reducedt	int32	prod	8	2048	5.62	13.13
reducedt	int32	prod	8	4096	11.59	12.72
reducedt	int32	prod	8	8192	22.55	13.08
reducedt	int32	prod	8	16384	44.51	13.25
reducedt	int32	prod	8	32768	89.98	13.11
reducedt	int32	prod	8	65536	177.9	13.26
reducedt	int32	prod	8	131072	354.7	13.30
reducedt	int32	prod	8	262144	709.37	13.30
reducedt	int32	prod	8	524288	1431.46	13.19
reducedt	int32	prod	8	1048576	1499.8	25.17
reducedt	int32	prod	8	2097152	2996.52	25.20
reducedt	int32	prod	8	4194304	5999.35	25.17
reducedt	int32	prod	8	8388608	11964.76	25.24
reducedt	int32	prod	8	16777216	23994.78	25.17
reducedt	int32	prod	8	33554432	47917.7	25.21
reducedt	int32	prod	8	67108864	95959.9	25.18
reducedt	int32	min	2	1024	0.31	39.51
reducedt	int32	min	2	2048	0.58	42.52
reducedt	int32	min	2	4096	1.21	40.69
reducedt	int32	min	2	8192	2.27	43.21
reducedt	int32	min	2	16384	5.48	35.86
reducedt	int32	min	2	32768	10.4	37.82
reducedt	int32	min	2	65536	21.93	35.86
reducedt	int32	min	2	131072	33.48	46.98
reducedt	int32	min	2	262144	70.5	44.62
reducedt	int32	min	2	524288	151.34	41.57
reducedt	int32	min	2	1048576	322.47	39.02
reducedt	int32	min	2	2097152	594.04	42.36
reducedt	int32	min	2	4194304	1176.89	42.77
reducedt	int32	min	2	8388608	2382.36	42.25
reducedt	int32	min	2	16777216	2807.89	71.70
reducedt	int32	min	2	33554432	10106.38	39.84
reducedt	int32	min	2	67108864	25875.19	31.12
reducedt	int32	min	8	1024	1.28	28.71
reducedt	int32	min	8	2048	2.62	28.12
reducedt	int32	min	8	4096	5.68	25.97
reducedt	int32	min	8	8192	10.17	29.01
reducedt	int32	min	8	16384	20.24	29.14
reducedt	int32	min	8	32768	40.12	29.40
reducedt	int32	min	8	65536	83.87	28.13
reducedt	int32	min	8	131072	160.53	29.39
reducedt	int32	min	8	262144	320.51	29.44
reducedt	int32	min	8	524288	653.99	28.86
reducedt	int32	min	8	1048576	1300.54	29.03
reducedt	int32	min	8	2097152	2390.89	31.58
reducedt	int32	min	8	4194304	2745.98	54.99
reducedt	int32	min	8	8388608	5504.93	54.86
reducedt	int32	min	8	16777216	11008.36	54.87
reducedt	int32	min	8	33554432	22205.58	54.40
reducedt	int32	min	8	67108864	44278.53	54.56
reducedt	int32	max	2	1024	0.31	39.77
reducedt	int32	max	2	2048	0.57	42.74
reducedt	int32	max	2	4096	1.11	44.44
reducedt	int32	max	2	8192	2.27	43.36
reducedt	int32	max	2	16384	4.72	41.62
reducedt	int32	max	2	32768	8.53	46.13
reducedt	int32	max	2	65536	18.04	43.59
reducedt	int32	max	2	131072	33.03	47.61
reducedt	int32	max	2	262144	67.31	46.73
reducedt	int32	max	2	524288	138.39	45.46
reducedt	int32	max	2	1048576	315.26	39.91
reducedt	int32	max	2	2097152	553.14	45.50
reducedt	int32	max	2	4194304	1108.52	45.40
reducedt	int32	max	2	8388608	2036.91	49.42
reducedt	int32	max	2	16777216	2604.82	77.29
reducedt	int32	max	2	33554432	9780.33	41.17
reducedt	int32	max	2	67108864	25596.74	31.46
reducedt	int32	max	8	1024	1.28	28.73
reducedt	int32	max	8	2048	2.58	28.60
reducedt	int32	max	8	4096	5.08	29.02
reducedt	int32	max	8	8192	10.12	29.15
reducedt	int32	max	8	16384	21.19	27.84
reducedt	int32	max	8	32768	40.03	29.47
reducedt	int32	max	8	65536	79.96	29.51
reducedt	int32	max	8	131072	159.82	29.52
reducedt	int32	max	8	262144	319.61	29.53
reducedt	int32	max	8	524288	646.14	29.21
reducedt	int32	max	8	1048576	990.1	38.13
reducedt	int32	max	8	2097152	1347.35	56.03
reducedt	int32	max	8	4194304	2697.19	55.98
reducedt	int32	max	8	8388608	5430.98	55.61
reducedt	int32	max	8	16777216	10898.65	55.42
reducedt	int32	max	8	33554432	21850.62	55.28
reducedt	int32	max	8	67108864	43483.86	55.56
reducedt	int64	sum	2	1024	0.19	128.00
reducedt	int64	sum	2	2048	0.45	110.21
reducedt	int64	sum	2	4096	1.04	94.61
reducedt	int64	sum	2	8192	2.48	79.37
reducedt	int64	sum	2	16384	4.19	93.91
reducedt	int64	sum	2	32768	5.43	144.94
reducedt	int64	sum	2	65536	10.89	144.43
reducedt	int64	sum	2	131072	24.48	128.48
reducedt	int64	sum	2	262144	52.79	119.18
reducedt	int64	sum	2	524288	137.27	91.67
reducedt	int64	sum	2	1048576	273.51	92.01
reducedt	int64	sum	2	2097152	549.86	91.54
reducedt	int64	sum	2	4194304	1098.83	91.61
reducedt	int64	sum	2	8388608	2537.41	79.34
reducedt	int64	sum	2	16777216	10026.48	40.16
reducedt	int64	sum	2	33554432	26119.09	30.83
reducedt	int64	sum	2	67108864	56843.29	28.33
reducedt	int64	sum	8	1024	1.42	51.99
reducedt	int64	sum	8	2048	1.77	83.07
reducedt	int64	sum	8	4096	6.39	46.16
reducedt	int64	sum	8	8192	9.3	63.42
reducedt	int64	sum	8	16384	18.96	62.21
reducedt	int64	sum	8	32768	36.85	64.03
reducedt	int64	sum	8	65536	73.67	64.05
reducedt	int64	sum	8	131072	151.6	62.25
reducedt	int64	sum	8	262144	300.05	62.90
reducedt	int64	sum	8	524288	604.82	62.41
reducedt	int64	sum	8	1048576	1214.78	62.15
reducedt	int64	sum	8	2097152	1663.99	90.74
reducedt	int64	sum	8	4194304	2558.14	118.05
reducedt	int64	sum	8	8388608	5204.11	116.06
reducedt	int64	sum	8	16777216	11587.28	104.25
reducedt	int64	sum	8	33554432	26979.38	89.55
reducedt	int64	sum	8	67108864	57082.11	84.65
reducedt	int64	prod	2	1024	0.62	39.90
reducedt	int64	prod	2	2048	1.33	37.07
reducedt	int64	prod	2	4096	3.16	31.11
reducedt	int64	prod	2	8192	6.78	29.01
reducedt	int64	prod	2	16384	12.33	31.90
reducedt	int64	prod	2	32768	18.33	42.89
reducedt	int64	prod	2	65536	36.34	43.28
reducedt	int64	prod	2	131072	72.22	43.56
reducedt	int64	prod	2	262144	159.57	39.43
reducedt	int64	prod	2	524288	337.58	37.27
reducedt	int64	prod	2	1048576	614.16	40.98
reducedt	int64	prod	2	2097152	1153.9	43.62
reducedt	int64	prod	2	4194304	1287.58	78.18
reducedt	int64	prod	2	8388608	2857.57	70.45
reducedt	int64	prod	2	16777216	10449.14	38.53
reducedt	int64	prod	2	33554432	26805.58	30.04
reducedt	int64	prod	2	67108864	58340.41	27.61
reducedt	int64	prod	8	1024	3.66	20.14
reducedt	int64	prod	8	2048	7.54	19.55
reducedt	int64	prod	8	4096	14.63	20.16
reducedt	int64	prod	8	8192	28.84	20.45
reducedt	int64	prod	8	16384	57.61	20.48
reducedt	int64	prod	8	32768	116.05	20.33
reducedt	int64	prod	8	65536	230.04	20.51
reducedt	int64	prod	8	131072	460.06	20.51
reducedt	int64	prod	8	262144	931.1	20.27
reducedt	int64	prod	8	524288	1278.38	29.53
reducedt	int64	prod	8	1048576	1941.05	38.90
reducedt	int64	prod	8	2097152	3910.5	38.61
reducedt	int64	prod	8	4194304	7795.66	38.74
reducedt	int64	prod	8	8388608	15575.47	38.78
reducedt	int64	prod	8	16777216	31296.56	38.60
reducedt	int64	prod	8	33554432	62646.93	38.56
reducedt	int64	prod	8	67108864	124937.62	38.67
reducedt	int64	min	2	1024	0.74	33.30
reducedt	int64	min	2	2048	1.54	32.00
reducedt	int64	min	2	4096	3.12	31.51
reducedt	int64	min	2	8192	6.92	28.42
reducedt	int64	min	2	16384	12.24	32.11
reducedt	int64	min	2	32768	23.16	33.95
reducedt	int64	min	2	65536	49.66	31.68
reducedt	int64	min	2	131072	90.94	34.59
reducedt	int64	min	2	262144	188.93	33.30
reducedt	int64	min	2	524288	383.55	32.81
reducedt	int64	min	2	1048576	757.85	33.21
reducedt	int64	min	2	2097152	1511.23	33.30
reducedt	int64	min	2	4194304	1632.76	61.65
reducedt	int64	min	2	8388608	3456.75	58.24
reducedt	int64	min	2	16777216	10450.4	38.53
reducedt	int64	min	2	33554432	26579.53	30.30
reducedt	int64	min	2	67108864	57641.34	27.94
reducedt	int64	min	8	1024	2.56	28.83
reducedt	int64	min	8	2048	4.53	32.54
reducedt	int64	min	8	4096	10.06	29.31
reducedt	int64	min	8	8192	21.7	27.18
reducedt	int64	min	8	16384	39.41	29.94
reducedt	int64	min	8	32768	80.14	29.44
reducedt	int64	min	8	65536	166.74	28.30
reducedt	int64	min	8	131072	324.19	29.11
reducedt	int64	min	8	262144	643.84	29.32
reducedt	int64	min	8	524288	1363.53	27.68
reducedt	int64	min	8	1048576	2711.8	27.84
reducedt	int64	min	8	2097152	3578.73	42.19
reducedt	int64	min	8	4194304	5751.29	52.51
reducedt	int64	min	8	8388608	11552.83	52.28
reducedt	int64	min	8	16777216	23113.33	52.26
reducedt	int64	min	8	33554432	46353.69	52.12
reducedt	int64	min	8	67108864	92361.59	52.31
reducedt	int64	max	2	1024	0.75	32.81
reducedt	int64	max	2	2048	1.62	30.38
reducedt	int64	max	2	4096	4.31	22.83
reducedt	int64	max	2	8192	8.03	24.48
reducedt	int64	max	2	16384	14.84	26.50
reducedt	int64	max	2	32768	22.53	34.91
reducedt	int64	max	2	65536	44.27	35.53
reducedt	int64	max	2	131072	88.87	35.40
reducedt	int64	max	2	262144	186.56	33.72
reducedt	int64	max	2	524288	399.63	31.49
reducedt	int64	max	2	1048576	781.88	32.19
reducedt	int64	max	2	2097152	1594.96	31.56
reducedt	int64	max	2	4194304	1592.83	63.20
reducedt	int64	max	2	8388608	3429.6	58.70
reducedt	int64	max	2	16777216	10612.75	37.94
reducedt	int64	max	2	33554432	26481.53	30.41
reducedt	int64	max	2	67108864	57638.64	27.94
reducedt	int64	max	8	1024	2.73	27.00
reducedt	int64	max	8	2048	4.58	32.18
reducedt	int64	max	8	4096	11.32	26.04
reducedt	int64	max	8	8192	19.82	29.75
reducedt	int64	max	8	16384	39.54	29.84
reducedt	int64	max	8	32768	78.34	30.11
reducedt	int64	max	8	65536	161.29	29.25
reducedt	int64	max	8	131072	337.26	27.98
reducedt	int64	max	8	262144	694.82	27.16
reducedt	int64	max	8	524288	1078.36	35.01
reducedt	int64	max	8	1048576	1461.43	51.66
reducedt	int64	max	8	2097152	2870.66	52.60
reducedt	int64	max	8	4194304	5760.44	52.42
reducedt	int64	max	8	8388608	11523.56	52.41
reducedt	int64	max	8	16777216	23201.6	52.06
reducedt	int64	max	8	33554432	46383.78	52.09
reducedt	int64	max	8	67108864	92350.72	52.32
reducedt_strided	float32	sum	2	1024	0.21	57.69
reducedt_strided	float32	sum	2	2048	0.36	68.46
reducedt_strided	float32	sum	2	4096	0.81	60.53
reducedt_strided	float32	sum	2	8192	2.07	47.44
reducedt_strided	float32	sum	2	16384	4.26	46.20
reducedt_strided	float32	sum	2	32768	7.32	53.73
reducedt_strided	float32	sum	2	65536	10.5	74.90
reducedt_strided	float32	sum	2	131072	19.67	79.96
reducedt_strided	float32	sum	2	262144	39.3	80.04
reducedt_strided	float32	sum	2	524288	122.44	51.38
reducedt_strided	float32	sum	2	1048576	294.36	42.75
reducedt_strided	float32	sum	2	2097152	508.55	49.49
reducedt_strided	float32	sum	2	4194304	1006.04	50.03
reducedt_strided	float32	sum	2	8388608	1616.05	62.29
reducedt_strided	float32	sum	2	16777216	2498.47	80.58
reducedt_strided	float32	sum	2	33554432	10195.67	39.49
reducedt_strided	float32	sum	2	67108864	26061.47	30.90
reducedt_strided	float32	sum	8	1024	0.51	73.00
reducedt_strided	float32	sum	8	2048	1.61	45.77
reducedt_strided	float32	sum	8	4096	3.54	41.71
reducedt_strided	float32	sum	8	8192	6.15	47.92
reducedt_strided	float32	sum	8	16384	9.85	59.86
reducedt_strided	float32	sum	8	32768	19.39	60.85
reducedt_strided	float32	sum	8	65536	38.23	61.71
reducedt_strided	float32	sum	8	131072	76.64	61.56
reducedt_strided	float32	sum	8	262144	153.68	61.41
reducedt_strided	float32	sum	8	524288	312.1	60.48
reducedt_strided	float32	sum	8	1048576	627.78	60.13
reducedt_strided	float32	sum	8	2097152	1264.53	59.70
reducedt_strided	float32	sum	8	4194304	1941.21	77.78
reducedt_strided	float32	sum	8	8388608	2656.82	113.67
reducedt_strided	float32	sum	8	16777216	5377.77	112.31
reducedt_strided	float32	sum	8	33554432	11755.85	102.75
reducedt_strided	float32	sum	8	67108864	27083.38	89.20
reducedt_strided	float32	prod	2	1024	0.21	58.79
reducedt_strided	float32	prod	2	2048	0.38	64.34
reducedt_strided	float32	prod	2	4096	1.11	44.28
reducedt_strided	float32	prod	2	8192	2.12	46.28
reducedt_strided	float32	prod	2	16384	4.74	41.45
reducedt_strided	float32	prod	2	32768	8.46	46.47
reducedt_strided	float32	prod	2	65536	10.52	74.79
reducedt_strided	float32	prod	2	131072	32.98	47.69
reducedt_strided	float32	prod	2	262144	58.11	54.13
reducedt_strided	float32	prod	2	524288	138.63	45.38
reducedt_strided	float32	prod	2	1048576	323.06	38.95
reducedt_strided	float32	prod	2	2097152	525.44	47.89
reducedt_strided	float32	prod	2	4194304	819.85	61.39
reducedt_strided	float32	prod	2	8388608	1163.95	86.48
reducedt_strided	float32	prod	2	16777216	2623.95	76.73
reducedt_strided	float32	prod	2	33554432	10178.38	39.56
reducedt_strided	float32	prod	2	67108864	26215.22	30.72
reducedt_strided	float32	prod	8	1024	0.54	68.65
reducedt_strided	float32	prod	8	2048	1.62	45.51
reducedt_strided	float32	prod	8	4096	3.8	38.82
reducedt_strided	float32	prod	8	8192	6.3	46.78
reducedt_strided	float32	prod	8	16384	9.11	64.76
reducedt_strided	float32	prod	8	32768	18.8	62.73
reducedt_strided	float32	prod	8	65536	36.77	64.17
reducedt_strided	float32	prod	8	131072	72.72	64.89
reducedt_strided	float32	prod	8	262144	149.32	63.20
reducedt_strided	float32	prod	8	524288	311.46	60.60
reducedt_strided	float32	prod	8	1048576	626.6	60.24
reducedt_strided	float32	prod	8	2097152	1268.64	59.51
reducedt_strided	float32	prod	8	4194304	1593.48	94.76
reducedt_strided	float32	prod	8	8388608	2568.27	117.58
reducedt_strided	float32	prod	8	16777216	5207.69	115.98
reducedt_strided	float32	prod	8	33554432	11726.49	103.01
reducedt_strided	float32	prod	8	67108864	27477.01	87.93
reducedt_strided	float32	min	2	1024	0.21	57.96
reducedt_strided	float32	min	2	2048	0.38	65.36
reducedt_strided	float32	min	2	4096	1.23	39.90
reducedt_strided	float32	min	2	8192	2.16	45.49
reducedt_strided	float32	min	2	16384	4.29	45.87
reducedt_strided	float32	min	2	32768	7.2	54.61
reducedt_strided	float32	min	2	65536	10.05	78.21
reducedt_strided	float32	min	2	131072	19.91	79.02
reducedt_strided	float32	min	2	262144	40.0	78.64
reducedt_strided	float32	min	2	524288	99.47	63.25
reducedt_strided	float32	min	2	1048576	259.89	48.42
reducedt_strided	float32	min	2	2097152	367.1	68.55
reducedt_strided	float32	min	2	4194304	575.42	87.47
reducedt_strided	float32	min	2	8388608	1130.76	89.02
reducedt_strided	float32	min	2	16777216	2531.7	79.52
reducedt_strided	float32	min	2	33554432	10150.8	39.67
reducedt_strided	float32	min	2	67108864	26017.13	30.95
reducedt_strided	float32	min	8	1024	0.51	72.00
reducedt_strided	float32	min	8	2048	1.6	46.17
reducedt_strided	float32	min	8	4096	3.55	41.57
reducedt_strided	float32	min	8	8192	6.62	44.53
reducedt_strided	float32	min	8	16384	9.26	63.69
reducedt_strided	float32	min	8	32768	18.88	62.47
reducedt_strided	float32	min	8	65536	36.78	64.14
reducedt_strided	float32	min	8	131072	73.34	64.33
reducedt_strided	float32	min	8	262144	152.31	61.96
reducedt_strided	float32	min	8	524288	313.19	60.26
reducedt_strided	float32	min	8	1048576	633.68	59.57
reducedt_strided	float32	min	8	2097152	1227.64	61.50
reducedt_strided	float32	min	8	4194304	2422.44	62.33
reducedt_strided	float32	min	8	8388608	2562.09	117.87
reducedt_strided	float32	min	8	16777216	5216.6	115.78
reducedt_strided	float32	min	8	33554432	11645.03	103.73
reducedt_strided	float32	min	8	67108864	27116.87	89.09
reducedt_strided	float32	max	2	1024	0.21	58.79
reducedt_strided	float32	max	2	2048	0.38	65.19
reducedt_strided	float32	max	2	4096	0.81	60.76
reducedt_strided	float32	max	2	8192	2.34	42.08
reducedt_strided	float32	max	2	16384	4.66	42.17
reducedt_strided	float32	max	2	32768	7.04	55.85
reducedt_strided	float32	max	2	65536	11.68	67.36
reducedt_strided	float32	max	2	131072	19.79	79.50
reducedt_strided	float32	max	2	262144	42.47	74.07
reducedt_strided	float32	max	2	524288	117.64	53.48
reducedt_strided	float32	max	2	1048576	293.69	42.84
reducedt_strided	float32	max	2	2097152	491.74	51.18
reducedt_strided	float32	max	2	4194304	965.17	52.15
reducedt_strided	float32	max	2	8388608	1883.28	53.45
reducedt_strided	float32	max	2	16777216	2496.45	80.65
reducedt_strided	float32	max	2	33554432	10163.74	39.62
reducedt_strided	float32	max	2	67108864	25934.44	31.05
reducedt_strided	float32	max	8	1024	0.52	71.58
reducedt_strided	float32	max	8	2048	1.59	46.40
reducedt_strided	float32	max	8	4096	3.54	41.61
reducedt_strided	float32	max	8	8192	6.08	48.55
reducedt_strided	float32	max	8	16384	9.57	61.66
reducedt_strided	float32	max	8	32768	18.46	63.92
reducedt_strided	float32	max	8	65536	36.99	63.77
reducedt_strided	float32	max	8	131072	73.17	64.48
reducedt_strided	float32	max	8	262144	149.93	62.94
reducedt_strided	float32	max	8	524288	310.71	60.75
reducedt_strided	float32	max	8	1048576	635.0	59.45
reducedt_strided	float32	max	8	2097152	1282.67	58.86
reducedt_strided	float32	max	8	4194304	1763.95	85.60
reducedt_strided	float32	max	8	8388608	2738.28	110.28
reducedt_strided	float32	max	8	16777216	5542.32	108.98
reducedt_strided	float32	max	8	33554432	11591.61	104.21
reducedt_strided	float32	max	8	67108864	26821.91	90.07
reducedt_strided	float64	sum	2	1024	0.36	68.65
reducedt_strided	float64	sum	2	2048	0.79	62.53
reducedt_strided	float64	sum	2	4096	2.41	40.74
reducedt_strided	float64	sum	2	8192	4.97	39.54
reducedt_strided	float64	sum	2	16384	7.95	49.49
reducedt_strided	float64	sum	2	32768	10.29	76.46
reducedt_strided	float64	sum	2	65536	20.48	76.80
reducedt_strided	float64	sum	2	131072	40.77	77.17
reducedt_strided	float64	sum	2	262144	127.83	49.22
reducedt_strided	float64	sum	2	524288	294.4	42.74
reducedt_strided	float64	sum	2	1048576	514.04	48.96
reducedt_strided	float64	sum	2	2097152	1030.21	48.86
reducedt_strided	float64	sum	2	4194304	1208.91	83.27
reducedt_strided	float64	sum	2	8388608	2454.05	82.04
reducedt_strided	float64	sum	2	16777216	10182.32	39.54
reducedt_strided	float64	sum	2	33554432	26005.8	30.97
reducedt_strided	float64	sum	2	67108864	56862.9	28.32
reducedt_strided	float64	sum	8	1024	1.71	43.19
reducedt_strided	float64	sum	8	2048	1.85	79.49
reducedt_strided	float64	sum	8	4096	7.23	40.79
reducedt_strided	float64	sum	8	8192	9.94	59.31
reducedt_strided	float64	sum	8	16384	19.38	60.87
reducedt_strided	float64	sum	8	32768	38.21	61.74
reducedt_strided	float64	sum	8	65536	76.14	61.97
reducedt_strided	float64	sum	8	131072	157.79	59.81
reducedt_strided	float64	sum	8	262144	326.77	57.76
reducedt_strided	float64	sum	8	524288	624.43	60.45
reducedt_strided	float64	sum	8	1048576	695.88	108.49
reducedt_strided	float64	sum	8	2097152	1308.24	115.42
reducedt_strided	float64	sum	8	4194304	2649.2	113.99
reducedt_strided	float64	sum	8	8388608	5389.45	112.07
reducedt_strided	float64	sum	8	16777216	11783.67	102.51
reducedt_strided	float64	sum	8	33554432	27040.47	89.34
reducedt_strided	float64	sum	8	67108864	57109.7	84.61
reducedt_strided	float64	prod	2	1024	0.38	64.50
reducedt_strided	float64	prod	2	2048	0.82	59.72
reducedt_strided	float64	prod	2	4096	1.81	54.43
reducedt_strided	float64	prod	2	8192	4.23	46.52
reducedt_strided	float64	prod	2	16384	7.18	54.79
reducedt_strided	float64	prod	2	32768	10.18	77.23
reducedt_strided	float64	prod	2	65536	20.71	75.95
reducedt_strided	float64	prod	2	131072	39.8	79.05
reducedt_strided	float64	prod	2	262144	109.14	57.64
reducedt_strided	float64	prod	2	524288	263.42	47.77
reducedt_strided	float64	prod	2	1048576	374.53	67.19
reducedt_strided	float64	prod	2	2097152	569.66	88.35
reducedt_strided	float64	prod	2	4194304	1131.44	88.97
reducedt_strided	float64	prod	2	8388608	2533.62	79.46
reducedt_strided	float64	prod	2	16777216	10293.77	39.12
reducedt_strided	float64	prod	2	33554432	25769.5	31.25
reducedt_strided	float64	prod	2	67108864	56452.03	28.53
reducedt_strided	float64	prod	8	1024	1.71	43.19
reducedt_strided	float64	prod	8	2048	3.58	41.21
reducedt_strided	float64	prod	8	4096	7.25	40.67
reducedt_strided	float64	prod	8	8192	9.5	62.06
reducedt_strided	float64	prod	8	16384	18.58	63.49
reducedt_strided	float64	prod	8	32768	36.41	64.79
reducedt_strided	float64	prod	8	65536	72.95	64.68
reducedt_strided	float64	prod	8	131072	151.49	62.30
reducedt_strided	float64	prod	8	262144	321.43	58.72
reducedt_strided	float64	prod	8	524288	630.46	59.87
reducedt_strided	float64	prod	8	1048576	1281.45	58.92
reducedt_strided	float64	prod	8	2097152	1681.98	89.77
reducedt_strided	float64	prod	8	4194304	2584.26	116.86
reducedt_strided	float64	prod	8	8388608	5221.37	115.67
reducedt_strided	float64	prod	8	16777216	11614.66	104.00
reducedt_strided	float64	prod	8	33554432	26969.17	89.58
reducedt_strided	float64	prod	8	67108864	57093.94	84.63
reducedt_strided	float64	min	2	1024	0.38	64.67
reducedt_strided	float64	min	2	2048	0.85	57.69
reducedt_strided	float64	min	2	4096	1.81	54.43
reducedt_strided	float64	min	2	8192	4.28	45.99
reducedt_strided	float64	min	2	16384	7.48	52.56
reducedt_strided	float64	min	2	32768	10.32	76.18
reducedt_strided	float64	min	2	65536	19.98	78.70
reducedt_strided	float64	min	2	131072	39.72	79.20
reducedt_strided	float64	min	2	262144	129.0	48.77
reducedt_strided	float64	min	2	524288	299.35	42.03
reducedt_strided	float64	min	2	1048576	495.85	50.75
reducedt_strided	float64	min	2	2097152	951.98	52.87
reducedt_strided	float64	min	2	4194304	1185.33	84.92
reducedt_strided	float64	min	2	8388608	2545.26	79.10
reducedt_strided	float64	min	2	16777216	10206.88	39.45
reducedt_strided	float64	min	2	33554432	26232.12	30.70
reducedt_strided	float64	min	2	67108864	57245.82	28.14
reducedt_strided	float64	min	8	1024	1.73	42.72
reducedt_strided	float64	min	8	2048	2.88	51.22
reducedt_strided	float64	min	8	4096	6.98	42.24
reducedt_strided	float64	min	8	8192	9.81	60.11
reducedt_strided	float64	min	8	16384	18.63	63.32
reducedt_strided	float64	min	8	32768	36.94	63.87
reducedt_strided	float64	min	8	65536	73.5	64.20
reducedt_strided	float64	min	8	131072	149.88	62.97
reducedt_strided	float64	min	8	262144	310.48	60.79
reducedt_strided	float64	min	8	524288	611.82	61.70
reducedt_strided	float64	min	8	1048576	1231.07	61.33
reducedt_strided	float64	min	8	2097152	1637.64	92.20
reducedt_strided	float64	min	8	4194304	2560.61	117.94
reducedt_strided	float64	min	8	8388608	5209.94	115.93
reducedt_strided	float64	min	8	16777216	11579.62	104.32
reducedt_strided	float64	min	8	33554432	27005.79	89.46
reducedt_strided	float64	min	8	67108864	57232.28	84.43
reducedt_strided	float64	max	2	1024	0.38	64.67
reducedt_strided	float64	max	2	2048	0.79	61.98
reducedt_strided	float64	max	2	4096	1.86	52.74
reducedt_strided	float64	max	2	8192	4.55	43.24
reducedt_strided	float64	max	2	16384	7.17	54.86
reducedt_strided	float64	max	2	32768	10.12	77.72
reducedt_strided	float64	max	2	65536	19.95	78.82
reducedt_strided	float64	max	2	131072	41.09	76.55
reducedt_strided	float64	max	2	262144	120.24	52.32
reducedt_strided	float64	max	2	524288	309.75	40.62
reducedt_strided	float64	max	2	1048576	509.74	49.37
reducedt_strided	float64	max	2	2097152	997.41	50.46
reducedt_strided	float64	max	2	4194304	1831.34	54.97
reducedt_strided	float64	max	2	8388608	2466.64	81.62
reducedt_strided	float64	max	2	16777216	9906.38	40.65
reducedt_strided	float64	max	2	33554432	26035.58	30.93
reducedt_strided	float64	max	2	67108864	56391.12	28.56
reducedt_strided	float64	max	8	1024	1.73	42.69
reducedt_strided	float64	max	8	2048	2.37	62.24
reducedt_strided	float64	max	8	4096	7.08	41.66
reducedt_strided	float64	max	8	8192	9.59	61.52
reducedt_strided	float64	max	8	16384	18.7	63.07
reducedt_strided	float64	max	8	32768	36.75	64.20
reducedt_strided	float64	max	8	65536	73.34	64.33
reducedt_strided	float64	max	8	131072	149.59	63.09
reducedt_strided	float64	max	8	262144	318.19	59.32
reducedt_strided	float64	max	8	524288	627.1	60.20
reducedt_strided	float64	max	8	1048576	1273.27	59.29
reducedt_strided	float64	max	8	2097152	2466.49	61.22
reducedt_strided	float64	max	8	4194304	2564.3	117.77
reducedt_strided	float64	max	8	8388608	5198.21	116.19
reducedt_strided	float64	max	8	16777216	11485.69	105.17
reducedt_strided	float64	max	8	33554432	27001.94	89.47
reducedt_strided	float64	max	8	67108864	57418.01	84.15
reducedt_strided	int32	sum	2	1024	0.31	39.90
reducedt_strided	int32	sum	2	2048	0.36	68.08
reducedt_strided	int32	sum	2	4096	1.08	45.64
reducedt_strided	int32	sum	2	8192	2.15	45.70
reducedt_strided	int32	sum	2	16384	4.45	44.21
reducedt_strided	int32	sum	2	32768	7.67	51.25
reducedt_strided	int32	sum	2	65536	9.89	79.52
reducedt_strided	int32	sum	2	131072	33.58	46.84
reducedt_strided	int32	sum	2	262144	41.0	76.73
reducedt_strided	int32	sum	2	524288	121.19	51.91
reducedt_strided	int32	sum	2	1048576	294.18	42.77
reducedt_strided	int32	sum	2	2097152	516.15	48.76
reducedt_strided	int32	sum	2	4194304	1034.87	48.64
reducedt_strided	int32	sum	2	8388608	2037.12	49.41
reducedt_strided	int32	sum	2	16777216	3111.61	64.70
reducedt_strided	int32	sum	2	33554432	9890.08	40.71
reducedt_strided	int32	sum	2	67108864	25880.39	31.12
reducedt_strided	int32	sum	8	1024	0.49	75.23
reducedt_strided	int32	sum	8	2048	1.59	46.40
reducedt_strided	int32	sum	8	4096	3.5	42.09
reducedt_strided	int32	sum	8	8192	6.13	48.14
reducedt_strided	int32	sum	8	16384	9.62	61.34
reducedt_strided	int32	sum	8	32768	18.45	63.94
reducedt_strided	int32	sum	8	65536	36.8	64.10
reducedt_strided	int32	sum	8	131072	73.53	64.17
reducedt_strided	int32	sum	8	262144	147.82	63.84
reducedt_strided	int32	sum	8	524288	298.74	63.18
reducedt_strided	int32	sum	8	1048576	383.94	98.32
reducedt_strided	int32	sum	8	2097152	635.83	118.74
reducedt_strided	int32	sum	8	4194304	1286.31	117.39
reducedt_strided	int32	sum	8	8388608	2564.41	117.76
reducedt_strided	int32	sum	8	16777216	5206.53	116.00
reducedt_strided	int32	sum	8	33554432	11635.68	103.82
reducedt_strided	int32	sum	8	67108864	27091.95	89.17
reducedt_strided	int32	prod	2	1024	0.23	52.29
reducedt_strided	int32	prod	2	2048	0.45	55.10
reducedt_strided	int32	prod	2	4096	0.87	56.24
reducedt_strided	int32	prod	2	8192	1.83	53.78
reducedt_strided	int32	prod	2	16384	3.76	52.32
reducedt_strided	int32	prod	2	32768	6.45	61.00
reducedt_strided	int32	prod	2	65536	12.01	65.48
reducedt_strided	int32	prod	2	131072	26.57	59.21
reducedt_strided	int32	prod	2	262144	51.94	60.56
reducedt_strided	int32	prod	2	524288	98.43	63.92
reducedt_strided	int32	prod	2	1048576	196.06	64.18
reducedt_strided	int32	prod	2	2097152	387.5	64.94
reducedt_strided	int32	prod	2	4194304	784.36	64.17
reducedt_strided	int32	prod	2	8388608	1566.96	64.24
reducedt_strided	int32	prod	2	16777216	3285.74	61.27
reducedt_strided	int32	prod	2	33554432	9949.25	40.47
reducedt_strided	int32	prod	2	67108864	25740.58	31.29
reducedt_strided	int32	prod	8	1024	2.75	13.41
reducedt_strided	int32	prod	8	2048	5.81	12.69
reducedt_strided	int32	prod	8	4096	11.03	13.37
reducedt_strided	int32	prod	8	8192	21.75	13.56
reducedt_strided	int32	prod	8	16384	44.59	13.23
reducedt_strided	int32	prod	8	32768	88.86	13.28
reducedt_strided	int32	prod	8	65536	177.87	13.26
reducedt_strided	int32	prod	8	131072	358.98	13.14
reducedt_strided	int32	prod	8	262144	420.23	22.46
reducedt_strided	int32	prod	8	524288	747.34	25.26
reducedt_strided	int32	prod	8	1048576	1494.01	25.27
reducedt_strided	int32	prod	8	2097152	2995.8	25.20
reducedt_strided	int32	prod	8	4194304	6004.85	25.15
reducedt_strided	int32	prod	8	8388608	11977.64	25.21
reducedt_strided	int32	prod	8	16777216	24036.14	25.13
reducedt_strided	int32	prod	8	33554432	47961.07	25.19
reducedt_strided	int32	prod	8	67108864	96032.04	25.16
reducedt_strided	int32	min	2	1024	0.52	23.77
reducedt_strided	int32	min	2	2048	0.84	29.36
reducedt_strided	int32	min	2	4096	1.61	30.55
reducedt_strided	int32	min	2	8192	2.54	38.63
reducedt_strided	int32	min	2	16384	6.08	32.32
reducedt_strided	int32	min	2	32768	9.19	42.79
reducedt_strided	int32	min	2	65536	18.6	42.28
reducedt_strided	int32	min	2	131072	33.13	47.47
reducedt_strided	int32	min	2	262144	72.34	43.49
reducedt_strided	int32	min	2	524288	166.63	37.76
reducedt_strided	int32	min	2	1048576	323.15	38.94
reducedt_strided	int32	min	2	2097152	579.72	43.41
reducedt_strided	int32	min	2	4194304	646.38	77.87
reducedt_strided	int32	min	2	8388608	1216.44	82.75
reducedt_strided	int32	min	2	16777216	2695.8	74.68
reducedt_strided	int32	min	2	33554432	9981.59	40.34
reducedt_strided	int32	min	2	67108864	25673.46	31.37
reducedt_strided	int32	min	8	1024	1.29	28.51
reducedt_strided	int32	min	8	2048	2.52	29.22
reducedt_strided	int32	min	8	4096	5.82	25.32
reducedt_strided	int32	min	8	8192	11.2	26.33
reducedt_strided	int32	min	8	16384	20.11	29.34
reducedt_strided	int32	min	8	32768	40.07	29.44
reducedt_strided	int32	min	8	65536	79.96	29.51
reducedt_strided	int32	min	8	131072	160.09	29.48
reducedt_strided	int32	min	8	262144	327.68	28.80
reducedt_strided	int32	min	8	524288	660.2	28.59
reducedt_strided	int32	min	8	1048576	1332.57	28.33
reducedt_strided	int32	min	8	2097152	1679.48	44.95
reducedt_strided	int32	min	8	4194304	2792.24	54.08
reducedt_strided	int32	min	8	8388608	5666.9	53.29
reducedt_strided	int32	min	8	16777216	11030.3	54.76
reducedt_strided	int32	min	8	33554432	22141.16	54.56
reducedt_strided	int32	min	8	67108864	44330.54	54.50
reducedt_strided	int32	max	2	1024	0.31	39.13
reducedt_strided	int32	max	2	2048	0.57	43.12
reducedt_strided	int32	max	2	4096	1.12	43.96
reducedt_strided	int32	max	2	8192	2.33	42.19
reducedt_strided	int32	max	2	16384	4.71	41.70
reducedt_strided	int32	max	2	32768	8.55	46.01
reducedt_strided	int32	max	2	65536	16.62	47.32
reducedt_strided	int32	max	2	131072	33.84	46.48
reducedt_strided	int32	max	2	262144	69.95	44.97
reducedt_strided	int32	max	2	524288	137.06	45.90
reducedt_strided	int32	max	2	1048576	300.5	41.87
reducedt_strided	int32	max	2	2097152	564.36	44.59
reducedt_strided	int32	max	2	4194304	1135.87	44.31
reducedt_strided	int32	max	2	8388608	2192.72	45.91
reducedt_strided	int32	max	2	16777216	2602.23	77.37
reducedt_strided	int32	max	2	33554432	9786.99	41.14
reducedt_strided	int32	max	2	67108864	25755.56	31.27
reducedt_strided	int32	max	8	1024	1.29	28.51
reducedt_strided	int32	max	8	2048	2.58	28.58
reducedt_strided	int32	max	8	4096	5.37	27.46
reducedt_strided	int32	max	8	8192	8.37	35.23
reducedt_strided	int32	max	8	16384	10.69	55.16
reducedt_strided	int32	max	8	32768	21.21	55.63
reducedt_strided	int32	max	8	65536	42.1	56.03
reducedt_strided	int32	max	8	131072	85.68	55.07
reducedt_strided	int32	max	8	262144	168.2	56.11
reducedt_strided	int32	max	8	524288	337.44	55.93
reducedt_strided	int32	max	8	1048576	679.72	55.54
reducedt_strided	int32	max	8	2097152	1347.23	56.04
reducedt_strided	int32	max	8	4194304	2694.79	56.03
reducedt_strided	int32	max	8	8388608	5427.56	55.64
reducedt_strided	int32	max	8	16777216	10908.07	55.37
reducedt_strided	int32	max	8	33554432	21736.2	55.57
reducedt_strided	int32	max	8	67108864	43607.77	55.40
reducedt_strided	int64	sum	2	1024	0.36	68.65
reducedt_strided	int64	sum	2	2048	0.86	57.09
reducedt_strided	int64	sum	2	4096	2.44	40.34
reducedt_strided	int64	sum	2	8192	4.3	45.73
reducedt_strided	int64	sum	2	16384	7.18	54.78
reducedt_strided	int64	sum	2	32768	11.63	67.63
reducedt_strided	int64	sum	2	65536	20.63	76.24
reducedt_strided	int64	sum	2	131072	50.88	61.82
reducedt_strided	int64	sum	2	262144	125.75	50.03
reducedt_strided	int64	sum	2	524288	308.94	40.73
reducedt_strided	int64	sum	2	1048576	495.2	50.82
reducedt_strided	int64	sum	2	2097152	971.66	51.80
reducedt_strided	int64	sum	2	4194304	1911.04	52.67
reducedt_strided	int64	sum	2	8388608	2732.95	73.67
reducedt_strided	int64	sum	2	16777216	9983.69	40.33
reducedt_strided	int64	sum	2	33554432	26004.58	30.97
reducedt_strided	int64	sum	2	67108864	56869.08	28.32
reducedt_strided	int64	sum	8	1024	0.76	97.27
reducedt_strided	int64	sum	8	2048	1.62	90.74
reducedt_strided	int64	sum	8	4096	3.26	90.52
reducedt_strided	int64	sum	8	8192	5.08	116.04
reducedt_strided	int64	sum	8	16384	9.73	121.18
reducedt_strided	int64	sum	8	32768	19.57	120.55
reducedt_strided	int64	sum	8	65536	38.79	121.64
reducedt_strided	int64	sum	8	131072	78.2	120.67
reducedt_strided	int64	sum	8	262144	159.15	118.60
reducedt_strided	int64	sum	8	524288	320.24	117.88
reducedt_strided	int64	sum	8	1048576	635.84	118.74
reducedt_strided	int64	sum	8	2097152	1274.31	118.49
reducedt_strided	int64	sum	8	4194304	2596.14	116.32
reducedt_strided	int64	sum	8	8388608	5159.12	117.07
reducedt_strided	int64	sum	8	16777216	11552.52	104.56
reducedt_strided	int64	sum	8	33554432	26990.99	89.51
reducedt_strided	int64	sum	8	67108864	57305.69	84.32
reducedt_strided	int64	prod	2	1024	0.61	40.09
reducedt_strided	int64	prod	2	2048	1.44	34.06
reducedt_strided	int64	prod	2	4096	3.74	26.31
reducedt_strided	int64	prod	2	8192	8.09	24.29
reducedt_strided	int64	prod	2	16384	14.51	27.10
reducedt_strided	int64	prod	2	32768	18.21	43.20
reducedt_strided	int64	prod	2	65536	36.86	42.67
reducedt_strided	int64	prod	2	131072	73.33	42.90
reducedt_strided	int64	prod	2	262144	155.14	40.55
reducedt_strided	int64	prod	2	524288	327.08	38.47
reducedt_strided	int64	prod	2	1048576	620.58	40.55
reducedt_strided	int64	prod	2	2097152	1268.02	39.69
reducedt_strided	int64	prod	2	4194304	2507.41	40.15
reducedt_strided	int64	prod	2	8388608	3473.22	57.97
reducedt_strided	int64	prod	2	16777216	10539.7	38.20
reducedt_strided	int64	prod	2	33554432	26568.29	30.31
reducedt_strided	int64	prod	2	67108864	57713.83	27.91
reducedt_strided	int64	prod	8	1024	1.92	38.36
reducedt_strided	int64	prod	8	2048	3.81	38.74
reducedt_strided	int64	prod	8	4096	7.59	38.84
reducedt_strided	int64	prod	8	8192	15.35	38.43
reducedt_strided	int64	prod	8	16384	30.32	38.91
reducedt_strided	int64	prod	8	32768	60.54	38.97
reducedt_strided	int64	prod	8	65536	121.01	38.99
reducedt_strided	int64	prod	8	131072	242.01	38.99
reducedt_strided	int64	prod	8	262144	487.4	38.72
reducedt_strided	int64	prod	8	524288	976.2	38.67
reducedt_strided	int64	prod	8	1048576	1946.74	38.78
reducedt_strided	int64	prod	8	2097152	3882.07	38.90
reducedt_strided	int64	prod	8	4194304	7823.03	38.60
reducedt_strided	int64	prod	8	8388608	15633.01	38.63
reducedt_strided	int64	prod	8	16777216	31317.35	38.57
reducedt_strided	int64	prod	8	33554432	62628.25	38.58
reducedt_strided	int64	prod	8	67108864	124926.02	38.68
reducedt_strided	int64	min	2	1024	0.39	63.02
reducedt_strided	int64	min	2	2048	0.81	60.91
reducedt_strided	int64	min	2	4096	1.69	58.27
reducedt_strided	int64	min	2	8192	3.59	54.81
reducedt_strided	int64	min	2	16384	6.51	60.39
reducedt_strided	int64	min	2	32768	12.21	64.44
reducedt_strided	int64	min	2	65536	24.62	63.89
reducedt_strided	int64	min	2	131072	47.85	65.73
reducedt_strided	int64	min	2	262144	101.74	61.84
reducedt_strided	int64	min	2	524288	198.79	63.30
reducedt_strided	int64	min	2	1048576	398.58	63.14
reducedt_strided	int64	min	2	2097152	803.05	62.68
reducedt_strided	int64	min	2	4194304	1632.53	61.66
reducedt_strided	int64	min	2	8388608	3381.7	59.53
reducedt_strided	int64	min	2	16777216	10720.03	37.56
reducedt_strided	int64	min	2	33554432	26713.76	30.15
reducedt_strided	int64	min	2	67108864	57639.11	27.94
reducedt_strided	int64	min	8	1024	2.74	26.87
reducedt_strided	int64	min	8	2048	5.3	27.83
reducedt_strided	int64	min	8	4096	11.49	25.67
reducedt_strided	int64	min	8	8192	19.78	29.83
reducedt_strided	int64	min	8	16384	39.18	30.11
reducedt_strided	int64	min	8	32768	78.4	30.09
reducedt_strided	int64	min	8	65536	156.43	30.16
reducedt_strided	int64	min	8	131072	343.42	27.48
reducedt_strided	int64	min	8	262144	692.98	27.24
reducedt_strided	int64	min	8	524288	1363.08	27.69
reducedt_strided	int64	min	8	1048576	1453.86	51.93
reducedt_strided	int64	min	8	2097152	2852.4	52.94
reducedt_strided	int64	min	8	4194304	5753.64	52.49
reducedt_strided	int64	min	8	8388608	11506.5	52.49
reducedt_strided	int64	min	8	16777216	23150.69	52.18
reducedt_strided	int64	min	8	33554432	46314.89	52.16
reducedt_strided	int64	min	8	67108864	92268.15	52.37
reducedt_strided	int64	max	2	1024	0.75	32.86
reducedt_strided	int64	max	2	2048	1.72	28.66
reducedt_strided	int64	max	2	4096	3.71	26.49
reducedt_strided	int64	max	2	8192	8.14	24.17
reducedt_strided	int64	max	2	16384	14.76	26.64
reducedt_strided	int64	max	2	32768	22.29	35.28
reducedt_strided	int64	max	2	65536	44.48	35.36
reducedt_strided	int64	max	2	131072	88.2	35.66
reducedt_strided	int64	max	2	262144	179.87	34.98
reducedt_strided	int64	max	2	524288	378.19	33.27
reducedt_strided	int64	max	2	1048576	750.12	33.55
reducedt_strided	int64	max	2	2097152	1518.05	33.16
reducedt_strided	int64	max	2	4194304	2663.51	37.79
reducedt_strided	int64	max	2	8388608	3445.63	58.43
reducedt_strided	int64	max	2	16777216	10638.49	37.85
reducedt_strided	int64	max	2	33554432	27246.1	29.56
reducedt_strided	int64	max	2	67108864	58630.79	27.47
reducedt_strided	int64	max	8	1024	2.91	25.34
reducedt_strided	int64	max	8	2048	5.11	28.87
reducedt_strided	int64	max	8	4096	11.47	25.70
reducedt_strided	int64	max	8	8192	20.18	29.23
reducedt_strided	int64	max	8	16384	39.88	29.58
reducedt_strided	int64	max	8	32768	81.44	28.97
reducedt_strided	int64	max	8	65536	156.01	30.25
reducedt_strided	int64	max	8	131072	340.88	27.68
reducedt_strided	int64	max	8	262144	696.53	27.10
reducedt_strided	int64	max	8	524288	1394.88	27.06
reducedt_strided	int64	max	8	1048576	1456.93	51.82
reducedt_strided	int64	max	8	2097152	2946.54	51.24
reducedt_strided	int64	max	8	4194304	5956.23	50.70
reducedt_strided	int64	max	8	8388608	11537.91	52.35
reducedt_strided	int64	max	8	16777216	23230.79	52.00
reducedt_strided	int64	max	8	33554432	46354.39	52.12
reducedt_strided	int64	max	8	67108864	92401.34	52.29
