coll	mtype	dt	op	count	size_bytes	time_avg_us	time_min_us	time_max_us	bus_bw_avg_gbs	bus_bw_min_gbs	bus_bw_max_gbs	eff_bw_gbs
reduce	cuda	float32	sum	1024	4096	12.42	12.42	12.42	0.33	0.33	0.33	0.33
reduce	cuda	float32	sum	2048	8192	12.19	12.19	12.19	0.67	0.67	0.67	0.67
reduce	cuda	float32	sum	4096	16384	12.18	12.18	12.18	1.34	1.34	1.34	1.35
reduce	cuda	float32	sum	8192	32768	12.25	12.25	12.25	2.68	2.68	2.68	2.67
reduce	cuda	float32	sum	16384	65536	12.22	12.22	12.22	5.36	5.36	5.36	5.36
reduce	cuda	float32	sum	32768	131072	12.29	12.29	12.29	10.66	10.66	10.66	10.66
reduce	cuda	float32	sum	65536	262144	12.31	12.31	12.31	21.30	21.30	21.30	21.30
reduce	cuda	float32	sum	131072	524288	12.39	12.39	12.39	42.32	42.32	42.32	42.32
reduce	cuda	float32	sum	262144	1048576	12.36	12.36	12.36	84.84	84.84	84.84	84.84
reduce	cuda	float32	sum	524288	2097152	12.55	12.55	12.55	167.10	167.10	167.10	167.10
reduce	cuda	float32	sum	1048576	4194304	13.53	13.53	13.53	310.11	310.11	310.11	310.00
reduce	cuda	float32	sum	2097152	8388608	14.65	14.65	14.65	572.60	572.60	572.60	572.60
reduce	cuda	float32	sum	4194304	16777216	19.20	19.20	19.20	874.04	874.04	874.04	873.81
reduce	cuda	float32	sum	8388608	33554432	35.06	35.06	35.06	957.06	957.06	957.06	957.06
reduce	cuda	float32	sum	16777216	67108864	57.03	57.03	57.03	1176.63	1176.63	1176.63	1176.73
reduce	cuda	float32	sum	33554432	134217728	100.54	100.54	100.54	1334.97	1334.97	1334.97	1334.97
reduce	cuda	float32	sum	67108864	268435456	189.18	189.18	189.18	1418.98	1418.98	1418.98	1418.94
reduce	cuda	float32	prod	1024	4096	10.07	10.07	10.07	0.41	0.41	0.41	0.41
reduce	cuda	float32	prod	2048	8192	9.72	9.72	9.72	0.84	0.84	0.84	0.84
reduce	cuda	float32	prod	4096	16384	9.62	9.62	9.62	1.70	1.70	1.70	1.70
reduce	cuda	float32	prod	8192	32768	9.49	9.49	9.49	3.45	3.45	3.45	3.45
reduce	cuda	float32	prod	16384	65536	9.39	9.39	9.39	6.98	6.98	6.98	6.98
reduce	cuda	float32	prod	32768	131072	9.32	9.32	9.32	14.07	14.07	14.07	14.06
reduce	cuda	float32	prod	65536	262144	9.34	9.34	9.34	28.07	28.07	28.07	28.07
reduce	cuda	float32	prod	131072	524288	9.47	9.47	9.47	55.36	55.36	55.36	55.36
reduce	cuda	float32	prod	262144	1048576	9.53	9.53	9.53	110.09	110.09	110.09	110.03
reduce	cuda	float32	prod	524288	2097152	9.38	9.38	9.38	223.58	223.58	223.58	223.58
reduce	cuda	float32	prod	1048576	4194304	10.30	10.30	10.30	407.02	407.02	407.02	407.21
reduce	cuda	float32	prod	2097152	8388608	11.52	11.52	11.52	728.49	728.49	728.49	728.18
reduce	cuda	float32	prod	4194304	16777216	15.71	15.71	15.71	1067.93	1067.93	1067.93	1067.93
reduce	cuda	float32	prod	8388608	33554432	31.85	31.85	31.85	1053.51	1053.51	1053.51	1053.51
reduce	cuda	float32	prod	16777216	67108864	53.82	53.82	53.82	1246.91	1246.91	1246.91	1246.91
reduce	cuda	float32	prod	33554432	134217728	97.61	97.61	97.61	1374.97	1374.97	1374.97	1375.04
reduce	cuda	float32	prod	67108864	268435456	185.28	185.28	185.28	1448.85	1448.85	1448.85	1448.81
reduce	cuda	float32	min	1024	4096	8.37	8.37	8.37	0.49	0.49	0.49	0.49
reduce	cuda	float32	min	2048	8192	8.38	8.38	8.38	0.98	0.98	0.98	0.98
reduce	cuda	float32	min	4096	16384	8.34	8.34	8.34	1.96	1.96	1.96	1.96
reduce	cuda	float32	min	8192	32768	8.32	8.32	8.32	3.94	3.94	3.94	3.94
reduce	cuda	float32	min	16384	65536	8.32	8.32	8.32	7.88	7.88	7.88	7.88
reduce	cuda	float32	min	32768	131072	8.29	8.29	8.29	15.81	15.81	15.81	15.81
reduce	cuda	float32	min	65536	262144	8.32	8.32	8.32	31.51	31.51	31.51	31.51
reduce	cuda	float32	min	131072	524288	8.41	8.41	8.41	62.30	62.30	62.30	62.34
reduce	cuda	float32	min	262144	1048576	8.40	8.40	8.40	124.76	124.76	124.76	124.83
reduce	cuda	float32	min	524288	2097152	8.70	8.70	8.70	241.05	241.05	241.05	241.05
reduce	cuda	float32	min	1048576	4194304	9.73	9.73	9.73	431.07	431.07	431.07	431.07
reduce	cuda	float32	min	2097152	8388608	10.86	10.86	10.86	772.79	772.79	772.79	772.43
reduce	cuda	float32	min	4194304	16777216	15.01	15.01	15.01	1117.74	1117.74	1117.74	1117.74
reduce	cuda	float32	min	8388608	33554432	31.08	31.08	31.08	1079.61	1079.61	1079.61	1079.61
reduce	cuda	float32	min	16777216	67108864	53.33	53.33	53.33	1258.37	1258.37	1258.37	1258.37
reduce	cuda	float32	min	33554432	134217728	97.26	97.26	97.26	1379.99	1379.99	1379.99	1379.99
reduce	cuda	float32	min	67108864	268435456	184.91	184.91	184.91	1451.75	1451.75	1451.75	1451.71
reduce	cuda	float32	max	1024	4096	10.41	10.41	10.41	0.39	0.39	0.39	0.39
reduce	cuda	float32	max	2048	8192	10.61	10.61	10.61	0.77	0.77	0.77	0.77
reduce	cuda	float32	max	4096	16384	10.60	10.60	10.60	1.55	1.55	1.55	1.55
reduce	cuda	float32	max	8192	32768	10.72	10.72	10.72	3.06	3.06	3.06	3.06
reduce	cuda	float32	max	16384	65536	10.83	10.83	10.83	6.05	6.05	6.05	6.05
reduce	cuda	float32	max	32768	131072	11.05	11.05	11.05	11.86	11.86	11.86	11.86
reduce	cuda	float32	max	65536	262144	11.00	11.00	11.00	23.83	23.83	23.83	23.83
reduce	cuda	float32	max	131072	524288	11.32	11.32	11.32	46.29	46.29	46.29	46.32
reduce	cuda	float32	max	262144	1048576	11.36	11.36	11.36	92.34	92.34	92.34	92.30
reduce	cuda	float32	max	524288	2097152	11.54	11.54	11.54	181.73	181.73	181.73	181.73
reduce	cuda	float32	max	1048576	4194304	12.44	12.44	12.44	337.16	337.16	337.16	337.16
reduce	cuda	float32	max	2097152	8388608	13.73	13.73	13.73	610.97	610.97	610.97	610.97
reduce	cuda	float32	max	4194304	16777216	18.35	18.35	18.35	914.29	914.29	914.29	914.29
reduce	cuda	float32	max	8388608	33554432	34.26	34.26	34.26	979.55	979.55	979.55	979.41
reduce	cuda	float32	max	16777216	67108864	56.50	56.50	56.50	1187.77	1187.77	1187.77	1187.77
reduce	cuda	float32	max	33554432	134217728	100.31	100.31	100.31	1338.03	1338.03	1338.03	1338.03
reduce	cuda	float32	max	67108864	268435456	188.82	188.82	188.82	1421.65	1421.65	1421.65	1421.65
reduce	cuda	float64	sum	1024	8192	8.26	8.26	8.26	0.99	0.99	0.99	0.99
reduce	cuda	float64	sum	2048	16384	8.28	8.28	8.28	1.98	1.98	1.98	1.98
reduce	cuda	float64	sum	4096	32768	8.26	8.26	8.26	3.97	3.97	3.97	3.97
reduce	cuda	float64	sum	8192	65536	8.28	8.28	8.28	7.92	7.92	7.92	7.91
reduce	cuda	float64	sum	16384	131072	8.32	8.32	8.32	15.75	15.75	15.75	15.75
reduce	cuda	float64	sum	32768	262144	8.31	8.31	8.31	31.53	31.53	31.53	31.55
reduce	cuda	float64	sum	65536	524288	8.47	8.47	8.47	61.90	61.90	61.90	61.90
reduce	cuda	float64	sum	131072	1048576	8.44	8.44	8.44	124.31	124.31	124.31	124.24
reduce	cuda	float64	sum	262144	2097152	8.71	8.71	8.71	240.64	240.64	240.64	240.78
reduce	cuda	float64	sum	524288	4194304	9.63	9.63	9.63	435.32	435.32	435.32	435.55
reduce	cuda	float64	sum	1048576	8388608	10.72	10.72	10.72	782.52	782.52	782.52	782.52
reduce	cuda	float64	sum	2097152	16777216	14.99	14.99	14.99	1118.85	1118.85	1118.85	1119.23
reduce	cuda	float64	sum	4194304	33554432	31.20	31.20	31.20	1075.46	1075.46	1075.46	1075.46
reduce	cuda	float64	sum	8388608	67108864	53.30	53.30	53.30	1259.08	1259.08	1259.08	1259.08
reduce	cuda	float64	sum	16777216	134217728	97.14	97.14	97.14	1381.69	1381.69	1381.69	1381.69
reduce	cuda	float64	sum	33554432	268435456	184.88	184.88	184.88	1451.98	1451.98	1451.98	1451.94
reduce	cuda	float64	sum	67108864	536870912	363.60	363.60	363.60	1476.54	1476.54	1476.54	1476.54
reduce	cuda	float64	prod	1024	8192	12.20	12.20	12.20	0.67	0.67	0.67	0.67
reduce	cuda	float64	prod	2048	16384	11.96	11.96	11.96	1.37	1.37	1.37	1.37
reduce	cuda	float64	prod	4096	32768	12.02	12.02	12.02	2.73	2.73	2.73	2.73
reduce	cuda	float64	prod	8192	65536	11.98	11.98	11.98	5.47	5.47	5.47	5.47
reduce	cuda	float64	prod	16384	131072	12.06	12.06	12.06	10.87	10.87	10.87	10.87
reduce	cuda	float64	prod	32768	262144	12.10	12.10	12.10	21.67	21.67	21.67	21.66
reduce	cuda	float64	prod	65536	524288	12.14	12.14	12.14	43.17	43.17	43.17	43.19
reduce	cuda	float64	prod	131072	1048576	12.30	12.30	12.30	85.22	85.22	85.22	85.25
reduce	cuda	float64	prod	262144	2097152	12.35	12.35	12.35	169.88	169.88	169.88	169.81
reduce	cuda	float64	prod	524288	4194304	13.43	13.43	13.43	312.31	312.31	312.31	312.31
reduce	cuda	float64	prod	1048576	8388608	14.35	14.35	14.35	584.78	584.78	584.78	584.57
reduce	cuda	float64	prod	2097152	16777216	18.72	18.72	18.72	896.22	896.22	896.22	896.22
reduce	cuda	float64	prod	4194304	33554432	35.09	35.09	35.09	956.10	956.10	956.10	956.24
reduce	cuda	float64	prod	8388608	67108864	57.06	57.06	57.06	1176.01	1176.01	1176.01	1176.11
reduce	cuda	float64	prod	16777216	134217728	100.16	100.16	100.16	1340.10	1340.10	1340.10	1340.03
reduce	cuda	float64	prod	33554432	268435456	188.97	188.97	188.97	1420.52	1420.52	1420.52	1420.52
reduce	cuda	float64	prod	67108864	536870912	367.17	367.17	367.17	1462.19	1462.19	1462.19	1462.19
reduce	cuda	float64	min	1024	8192	10.72	10.72	10.72	0.76	0.76	0.76	0.76
reduce	cuda	float64	min	2048	16384	10.76	10.76	10.76	1.52	1.52	1.52	1.52
reduce	cuda	float64	min	4096	32768	10.82	10.82	10.82	3.03	3.03	3.03	3.03
reduce	cuda	float64	min	8192	65536	10.94	10.94	10.94	5.99	5.99	5.99	5.99
reduce	cuda	float64	min	16384	131072	11.07	11.07	11.07	11.84	11.84	11.84	11.84
reduce	cuda	float64	min	32768	262144	11.10	11.10	11.10	23.62	23.62	23.62	23.62
reduce	cuda	float64	min	65536	524288	11.31	11.31	11.31	46.36	46.36	46.36	46.36
reduce	cuda	float64	min	131072	1048576	11.30	11.30	11.30	92.79	92.79	92.79	92.79
reduce	cuda	float64	min	262144	2097152	11.51	11.51	11.51	182.20	182.20	182.20	182.20
reduce	cuda	float64	min	524288	4194304	12.49	12.49	12.49	335.81	335.81	335.81	335.81
reduce	cuda	float64	min	1048576	8388608	13.70	13.70	13.70	612.31	612.31	612.31	612.31
reduce	cuda	float64	min	2097152	16777216	17.88	17.88	17.88	938.59	938.59	938.59	938.32
reduce	cuda	float64	min	4194304	33554432	34.27	34.27	34.27	979.26	979.26	979.26	979.12
reduce	cuda	float64	min	8388608	67108864	56.37	56.37	56.37	1190.51	1190.51	1190.51	1190.51
reduce	cuda	float64	min	16777216	134217728	99.99	99.99	99.99	1342.31	1342.31	1342.31	1342.31
reduce	cuda	float64	min	33554432	268435456	188.05	188.05	188.05	1427.47	1427.47	1427.47	1427.47
reduce	cuda	float64	min	67108864	536870912	365.23	365.23	365.23	1469.95	1469.95	1469.95	1469.95
reduce	cuda	float64	max	1024	8192	12.12	12.12	12.12	0.68	0.68	0.68	0.68
reduce	cuda	float64	max	2048	16384	12.07	12.07	12.07	1.36	1.36	1.36	1.36
reduce	cuda	float64	max	4096	32768	14.43	14.43	14.43	2.27	2.27	2.27	2.27
reduce	cuda	float64	max	8192	65536	12.14	12.14	12.14	5.40	5.40	5.40	5.40
reduce	cuda	float64	max	16384	131072	12.16	12.16	12.16	10.78	10.78	10.78	10.78
reduce	cuda	float64	max	32768	262144	11.85	11.85	11.85	22.12	22.12	22.12	22.12
reduce	cuda	float64	max	65536	524288	10.77	10.77	10.77	48.70	48.70	48.70	48.68
reduce	cuda	float64	max	131072	1048576	10.86	10.86	10.86	96.55	96.55	96.55	96.55
reduce	cuda	float64	max	262144	2097152	10.94	10.94	10.94	191.78	191.78	191.78	191.70
reduce	cuda	float64	max	524288	4194304	11.96	11.96	11.96	350.55	350.55	350.55	350.69
reduce	cuda	float64	max	1048576	8388608	13.09	13.09	13.09	641.09	641.09	641.09	640.84
reduce	cuda	float64	max	2097152	16777216	17.08	17.08	17.08	982.27	982.27	982.27	982.27
reduce	cuda	float64	max	4194304	33554432	33.51	33.51	33.51	1001.33	1001.33	1001.33	1001.33
reduce	cuda	float64	max	8388608	67108864	55.21	55.21	55.21	1215.52	1215.52	1215.52	1215.52
reduce	cuda	float64	max	16777216	134217728	98.31	98.31	98.31	1365.18	1365.18	1365.18	1365.25
reduce	cuda	float64	max	33554432	268435456	186.49	186.49	186.49	1439.45	1439.45	1439.45	1439.41
reduce	cuda	float64	max	67108864	536870912	364.73	364.73	364.73	1471.97	1471.97	1471.97	1471.97
reduce	cuda	int32	sum	1024	4096	12.40	12.40	12.40	0.33	0.33	0.33	0.33
reduce	cuda	int32	sum	2048	8192	12.10	12.10	12.10	0.68	0.68	0.68	0.68
reduce	cuda	int32	sum	4096	16384	12.08	12.08	12.08	1.36	1.36	1.36	1.36
reduce	cuda	int32	sum	8192	32768	12.10	12.10	12.10	2.71	2.71	2.71	2.71
reduce	cuda	int32	sum	16384	65536	12.11	12.11	12.11	5.41	5.41	5.41	5.41
reduce	cuda	int32	sum	32768	131072	12.18	12.18	12.18	10.76	10.76	10.76	10.76
reduce	cuda	int32	sum	65536	262144	12.14	12.14	12.14	21.58	21.58	21.58	21.59
reduce	cuda	int32	sum	131072	524288	12.29	12.29	12.29	42.64	42.64	42.64	42.66
reduce	cuda	int32	sum	262144	1048576	12.27	12.27	12.27	85.46	85.46	85.46	85.46
reduce	cuda	int32	sum	524288	2097152	12.43	12.43	12.43	168.72	168.72	168.72	168.72
reduce	cuda	int32	sum	1048576	4194304	13.54	13.54	13.54	309.66	309.66	309.66	309.77
reduce	cuda	int32	sum	2097152	8388608	14.61	14.61	14.61	574.17	574.17	574.17	574.17
reduce	cuda	int32	sum	4194304	16777216	18.79	18.79	18.79	892.88	892.88	892.88	892.88
reduce	cuda	int32	sum	8388608	33554432	34.94	34.94	34.94	960.48	960.48	960.48	960.34
reduce	cuda	int32	sum	16777216	67108864	56.74	56.74	56.74	1182.74	1182.74	1182.74	1182.74
reduce	cuda	int32	sum	33554432	134217728	100.39	100.39	100.39	1337.03	1337.03	1337.03	1336.96
reduce	cuda	int32	sum	67108864	268435456	188.94	188.94	188.94	1420.78	1420.78	1420.78	1420.74
reduce	cuda	int32	prod	1024	4096	11.98	11.98	11.98	0.34	0.34	0.34	0.34
reduce	cuda	int32	prod	2048	8192	11.91	11.91	11.91	0.69	0.69	0.69	0.69
reduce	cuda	int32	prod	4096	16384	11.89	11.89	11.89	1.38	1.38	1.38	1.38
reduce	cuda	int32	prod	8192	32768	11.94	11.94	11.94	2.74	2.74	2.74	2.74
reduce	cuda	int32	prod	16384	65536	11.95	11.95	11.95	5.48	5.48	5.48	5.48
reduce	cuda	int32	prod	32768	131072	12.02	12.02	12.02	10.91	10.91	10.91	10.90
reduce	cuda	int32	prod	65536	262144	12.03	12.03	12.03	21.80	21.80	21.80	21.79
reduce	cuda	int32	prod	131072	524288	12.17	12.17	12.17	43.08	43.08	43.08	43.08
reduce	cuda	int32	prod	262144	1048576	12.04	12.04	12.04	87.13	87.13	87.13	87.09
reduce	cuda	int32	prod	524288	2097152	12.28	12.28	12.28	170.78	170.78	170.78	170.78
reduce	cuda	int32	prod	1048576	4194304	13.34	13.34	13.34	314.53	314.53	314.53	314.42
reduce	cuda	int32	prod	2097152	8388608	14.35	14.35	14.35	584.78	584.78	584.78	584.57
reduce	cuda	int32	prod	4194304	16777216	18.77	18.77	18.77	893.59	893.59	893.59	893.83
reduce	cuda	int32	prod	8388608	33554432	34.81	34.81	34.81	963.93	963.93	963.93	963.93
reduce	cuda	int32	prod	16777216	67108864	56.70	56.70	56.70	1183.58	1183.58	1183.58	1183.58
reduce	cuda	int32	prod	33554432	134217728	100.03	100.03	100.03	1341.77	1341.77	1341.77	1341.77
reduce	cuda	int32	prod	67108864	268435456	189.22	189.22	189.22	1418.60	1418.60	1418.60	1418.64
reduce	cuda	int32	min	1024	4096	8.19	8.19	8.19	0.50	0.50	0.50	0.50
reduce	cuda	int32	min	2048	8192	8.34	8.34	8.34	0.98	0.98	0.98	0.98
reduce	cuda	int32	min	4096	16384	8.26	8.26	8.26	1.98	1.98	1.98	1.98
reduce	cuda	int32	min	8192	32768	8.25	8.25	8.25	3.97	3.97	3.97	3.97
reduce	cuda	int32	min	16384	65536	8.26	8.26	8.26	7.94	7.94	7.94	7.93
reduce	cuda	int32	min	32768	131072	8.32	8.32	8.32	15.75	15.75	15.75	15.75
reduce	cuda	int32	min	65536	262144	8.25	8.25	8.25	31.78	31.78	31.78	31.78
reduce	cuda	int32	min	131072	524288	8.48	8.48	8.48	61.83	61.83	61.83	61.83
reduce	cuda	int32	min	262144	1048576	8.44	8.44	8.44	124.31	124.31	124.31	124.24
reduce	cuda	int32	min	524288	2097152	8.74	8.74	8.74	239.81	239.81	239.81	239.95
reduce	cuda	int32	min	1048576	4194304	9.71	9.71	9.71	431.73	431.73	431.73	431.96
reduce	cuda	int32	min	2097152	8388608	10.77	10.77	10.77	778.89	778.89	778.89	778.89
reduce	cuda	int32	min	4194304	16777216	15.06	15.06	15.06	1113.66	1113.66	1113.66	1114.02
reduce	cuda	int32	min	8388608	33554432	31.25	31.25	31.25	1073.91	1073.91	1073.91	1073.74
reduce	cuda	int32	min	16777216	67108864	53.58	53.58	53.58	1252.50	1252.50	1252.50	1252.50
reduce	cuda	int32	min	33554432	134217728	97.16	97.16	97.16	1381.48	1381.48	1381.48	1381.41
reduce	cuda	int32	min	67108864	268435456	184.93	184.93	184.93	1451.55	1451.55	1451.55	1451.55
reduce	cuda	int32	max	1024	4096	10.37	10.37	10.37	0.40	0.40	0.40	0.39
reduce	cuda	int32	max	2048	8192	10.20	10.20	10.20	0.80	0.80	0.80	0.80
reduce	cuda	int32	max	4096	16384	10.05	10.05	10.05	1.63	1.63	1.63	1.63
reduce	cuda	int32	max	8192	32768	8.64	8.64	8.64	3.79	3.79	3.79	3.79
reduce	cuda	int32	max	16384	65536	8.60	8.60	8.60	7.62	7.62	7.62	7.62
reduce	cuda	int32	max	32768	131072	8.63	8.63	8.63	15.18	15.18	15.18	15.19
reduce	cuda	int32	max	65536	262144	8.55	8.55	8.55	30.66	30.66	30.66	30.66
reduce	cuda	int32	max	131072	524288	8.75	8.75	8.75	59.92	59.92	59.92	59.92
reduce	cuda	int32	max	262144	1048576	8.69	8.69	8.69	120.66	120.66	120.66	120.66
reduce	cuda	int32	max	524288	2097152	8.89	8.89	8.89	235.90	235.90	235.90	235.90
reduce	cuda	int32	max	1048576	4194304	9.95	9.95	9.95	421.75	421.75	421.75	421.54
reduce	cuda	int32	max	2097152	8388608	11.04	11.04	11.04	759.49	759.49	759.49	759.84
reduce	cuda	int32	max	4194304	16777216	15.26	15.26	15.26	1099.78	1099.78	1099.78	1099.42
reduce	cuda	int32	max	8388608	33554432	31.33	31.33	31.33	1071.00	1071.00	1071.00	1071.00
reduce	cuda	int32	max	16777216	67108864	53.52	53.52	53.52	1253.90	1253.90	1253.90	1253.90
reduce	cuda	int32	max	33554432	134217728	97.26	97.26	97.26	1379.99	1379.99	1379.99	1379.99
reduce	cuda	int32	max	67108864	268435456	184.97	184.97	184.97	1451.28	1451.28	1451.28	1451.24
reduce	cuda	int64	sum	1024	8192	8.71	8.71	8.71	0.94	0.94	0.94	0.94
reduce	cuda	int64	sum	2048	16384	8.52	8.52	8.52	1.92	1.92	1.92	1.92
reduce	cuda	int64	sum	4096	32768	9.27	9.27	9.27	3.54	3.54	3.54	3.53
reduce	cuda	int64	sum	8192	65536	8.49	8.49	8.49	7.72	7.72	7.72	7.72
reduce	cuda	int64	sum	16384	131072	8.52	8.52	8.52	15.39	15.39	15.39	15.38
reduce	cuda	int64	sum	32768	262144	8.54	8.54	8.54	30.70	30.70	30.70	30.70
reduce	cuda	int64	sum	65536	524288	8.60	8.60	8.60	60.96	60.96	60.96	60.96
reduce	cuda	int64	sum	131072	1048576	8.56	8.56	8.56	122.50	122.50	122.50	122.50
reduce	cuda	int64	sum	262144	2097152	8.77	8.77	8.77	239.13	239.13	239.13	239.13
reduce	cuda	int64	sum	524288	4194304	9.79	9.79	9.79	428.43	428.43	428.43	428.43
reduce	cuda	int64	sum	1048576	8388608	10.85	10.85	10.85	773.14	773.14	773.14	773.14
reduce	cuda	int64	sum	2097152	16777216	15.07	15.07	15.07	1112.92	1112.92	1112.92	1113.29
reduce	cuda	int64	sum	4194304	33554432	31.31	31.31	31.31	1071.68	1071.68	1071.68	1071.68
reduce	cuda	int64	sum	8388608	67108864	53.59	53.59	53.59	1252.38	1252.38	1252.38	1252.26
reduce	cuda	int64	sum	16777216	134217728	97.44	97.44	97.44	1377.51	1377.51	1377.51	1377.44
reduce	cuda	int64	sum	33554432	268435456	184.93	184.93	184.93	1451.55	1451.55	1451.55	1451.55
reduce	cuda	int64	sum	67108864	536870912	363.76	363.76	363.76	1475.89	1475.89	1475.89	1475.89
reduce	cuda	int64	prod	1024	8192	12.06	12.06	12.06	0.68	0.68	0.68	0.68
reduce	cuda	int64	prod	2048	16384	12.06	12.06	12.06	1.36	1.36	1.36	1.36
reduce	cuda	int64	prod	4096	32768	12.04	12.04	12.04	2.72	2.72	2.72	2.72
reduce	cuda	int64	prod	8192	65536	12.03	12.03	12.03	5.45	5.45	5.45	5.45
reduce	cuda	int64	prod	16384	131072	12.10	12.10	12.10	10.83	10.83	10.83	10.83
reduce	cuda	int64	prod	32768	262144	12.14	12.14	12.14	21.59	21.59	21.59	21.59
reduce	cuda	int64	prod	65536	524288	12.37	12.37	12.37	42.38	42.38	42.38	42.38
reduce	cuda	int64	prod	131072	1048576	12.16	12.16	12.16	86.23	86.23	86.23	86.23
reduce	cuda	int64	prod	262144	2097152	12.47	12.47	12.47	168.18	168.18	168.18	168.18
reduce	cuda	int64	prod	524288	4194304	13.32	13.32	13.32	314.77	314.77	314.77	314.89
reduce	cuda	int64	prod	1048576	8388608	14.64	14.64	14.64	572.99	572.99	572.99	572.99
reduce	cuda	int64	prod	2097152	16777216	18.70	18.70	18.70	897.42	897.42	897.42	897.18
reduce	cuda	int64	prod	4194304	33554432	35.25	35.25	35.25	951.90	951.90	951.90	951.90
reduce	cuda	int64	prod	8388608	67108864	57.07	57.07	57.07	1175.90	1175.90	1175.90	1175.90
reduce	cuda	int64	prod	16777216	134217728	100.29	100.29	100.29	1338.30	1338.30	1338.30	1338.30
reduce	cuda	int64	prod	33554432	268435456	188.36	188.36	188.36	1425.12	1425.12	1425.12	1425.12
reduce	cuda	int64	prod	67108864	536870912	367.16	367.16	367.16	1462.23	1462.23	1462.23	1462.23
reduce	cuda	int64	min	1024	8192	13.43	13.43	13.43	0.61	0.61	0.61	0.61
reduce	cuda	int64	min	2048	16384	13.45	13.45	13.45	1.22	1.22	1.22	1.22
reduce	cuda	int64	min	4096	32768	13.41	13.41	13.41	2.44	2.44	2.44	2.44
reduce	cuda	int64	min	8192	65536	13.39	13.39	13.39	4.89	4.89	4.89	4.89
reduce	cuda	int64	min	16384	131072	13.46	13.46	13.46	9.74	9.74	9.74	9.74
reduce	cuda	int64	min	32768	262144	13.49	13.49	13.49	19.44	19.44	19.44	19.43
reduce	cuda	int64	min	65536	524288	13.71	13.71	13.71	38.26	38.26	38.26	38.24
reduce	cuda	int64	min	131072	1048576	13.46	13.46	13.46	77.93	77.93	77.93	77.90
reduce	cuda	int64	min	262144	2097152	13.87	13.87	13.87	151.26	151.26	151.26	151.20
reduce	cuda	int64	min	524288	4194304	14.63	14.63	14.63	286.59	286.59	286.59	286.69
reduce	cuda	int64	min	1048576	8388608	15.95	15.95	15.95	525.93	525.93	525.93	525.93
reduce	cuda	int64	min	2097152	16777216	20.29	20.29	20.29	826.87	826.87	826.87	826.87
reduce	cuda	int64	min	4194304	33554432	36.55	36.55	36.55	918.04	918.04	918.04	918.04
reduce	cuda	int64	min	8388608	67108864	58.23	58.23	58.23	1152.38	1152.38	1152.38	1152.48
reduce	cuda	int64	min	16777216	134217728	100.94	100.94	100.94	1329.74	1329.74	1329.74	1329.68
reduce	cuda	int64	min	33554432	268435456	189.82	189.82	189.82	1414.12	1414.12	1414.12	1414.16
reduce	cuda	int64	min	67108864	536870912	368.50	368.50	368.50	1456.91	1456.91	1456.91	1456.91
reduce	cuda	int64	max	1024	8192	11.95	11.95	11.95	0.69	0.69	0.69	0.69
reduce	cuda	int64	max	2048	16384	11.95	11.95	11.95	1.37	1.37	1.37	1.37
reduce	cuda	int64	max	4096	32768	11.94	11.94	11.94	2.74	2.74	2.74	2.74
reduce	cuda	int64	max	8192	65536	11.93	11.93	11.93	5.49	5.49	5.49	5.49
reduce	cuda	int64	max	16384	131072	12.04	12.04	12.04	10.89	10.89	10.89	10.89
reduce	cuda	int64	max	32768	262144	12.02	12.02	12.02	21.80	21.80	21.80	21.81
reduce	cuda	int64	max	65536	524288	12.12	12.12	12.12	43.26	43.26	43.26	43.26
reduce	cuda	int64	max	131072	1048576	12.11	12.11	12.11	86.59	86.59	86.59	86.59
reduce	cuda	int64	max	262144	2097152	12.37	12.37	12.37	169.54	169.54	169.54	169.54
reduce	cuda	int64	max	524288	4194304	13.39	13.39	13.39	313.24	313.24	313.24	313.24
reduce	cuda	int64	max	1048576	8388608	14.36	14.36	14.36	584.16	584.16	584.16	584.16
reduce	cuda	int64	max	2097152	16777216	18.70	18.70	18.70	897.42	897.42	897.42	897.18
reduce	cuda	int64	max	4194304	33554432	35.20	35.20	35.20	953.25	953.25	953.25	953.25
reduce	cuda	int64	max	8388608	67108864	57.09	57.09	57.09	1175.39	1175.39	1175.39	1175.49
reduce	cuda	int64	max	16777216	134217728	100.58	100.58	100.58	1334.37	1334.37	1334.37	1334.44
reduce	cuda	int64	max	33554432	268435456	188.51	188.51	188.51	1423.99	1423.99	1423.99	1423.99
reduce	cuda	int64	max	67108864	536870912	367.17	367.17	367.17	1462.21	1462.21	1462.21	1462.19
reduce	cuda-mng	float32	sum	1024	4096	10.15	10.15	10.15	0.40	0.40	0.40	0.40
reduce	cuda-mng	float32	sum	2048	8192	10.21	10.21	10.21	0.80	0.80	0.80	0.80
reduce	cuda-mng	float32	sum	4096	16384	10.24	10.24	10.24	1.60	1.60	1.60	1.60
reduce	cuda-mng	float32	sum	8192	32768	10.31	10.31	10.31	3.18	3.18	3.18	3.18
reduce	cuda-mng	float32	sum	16384	65536	10.37	10.37	10.37	6.32	6.32	6.32	6.32
reduce	cuda-mng	float32	sum	32768	131072	10.41	10.41	10.41	12.59	12.59	12.59	12.59
reduce	cuda-mng	float32	sum	65536	262144	10.51	10.51	10.51	24.95	24.95	24.95	24.94
reduce	cuda-mng	float32	sum	131072	524288	10.56	10.56	10.56	49.62	49.62	49.62	49.65
reduce	cuda-mng	float32	sum	262144	1048576	10.47	10.47	10.47	100.10	100.10	100.10	100.15
reduce	cuda-mng	float32	sum	524288	2097152	10.71	10.71	10.71	195.90	195.90	195.90	195.81
reduce	cuda-mng	float32	sum	1048576	4194304	11.54	11.54	11.54	363.46	363.46	363.46	363.46
reduce	cuda-mng	float32	sum	2097152	8388608	12.94	12.94	12.94	648.27	648.27	648.27	648.27
reduce	cuda-mng	float32	sum	4194304	16777216	17.27	17.27	17.27	971.18	971.18	971.18	971.47
reduce	cuda-mng	float32	sum	8388608	33554432	33.58	33.58	33.58	999.39	999.39	999.39	999.24
reduce	cuda-mng	float32	sum	16777216	67108864	56.14	56.14	56.14	1195.38	1195.38	1195.38	1195.38
reduce	cuda-mng	float32	sum	33554432	134217728	100.19	100.19	100.19	1339.63	1339.63	1339.63	1339.63
reduce	cuda-mng	float32	sum	67108864	268435456	190.17	190.17	190.17	1411.56	1411.56	1411.56	1411.56
reduce	cuda-mng	float32	prod	1024	4096	12.27	12.27	12.27	0.33	0.33	0.33	0.33
reduce	cuda-mng	float32	prod	2048	8192	12.22	12.22	12.22	0.67	0.67	0.67	0.67
reduce	cuda-mng	float32	prod	4096	16384	12.24	12.24	12.24	1.34	1.34	1.34	1.34
reduce	cuda-mng	float32	prod	8192	32768	12.27	12.27	12.27	2.67	2.67	2.67	2.67
reduce	cuda-mng	float32	prod	16384	65536	12.27	12.27	12.27	5.34	5.34	5.34	5.34
reduce	cuda-mng	float32	prod	32768	131072	12.32	12.32	12.32	10.64	10.64	10.64	10.64
reduce	cuda-mng	float32	prod	65536	262144	12.40	12.40	12.40	21.13	21.13	21.13	21.14
reduce	cuda-mng	float32	prod	131072	524288	12.40	12.40	12.40	42.26	42.26	42.26	42.28
reduce	cuda-mng	float32	prod	262144	1048576	12.40	12.40	12.40	84.53	84.53	84.53	84.56
reduce	cuda-mng	float32	prod	524288	2097152	12.42	12.42	12.42	168.85	168.85	168.85	168.85
reduce	cuda-mng	float32	prod	1048576	4194304	13.36	13.36	13.36	313.94	313.94	313.94	313.94
reduce	cuda-mng	float32	prod	2097152	8388608	14.64	14.64	14.64	572.80	572.80	572.80	572.99
reduce	cuda-mng	float32	prod	4194304	16777216	18.91	18.91	18.91	886.98	886.98	886.98	887.21
reduce	cuda-mng	float32	prod	8388608	33554432	35.23	35.23	35.23	952.30	952.30	952.30	952.44
reduce	cuda-mng	float32	prod	16777216	67108864	56.62	56.62	56.62	1185.35	1185.35	1185.35	1185.25
reduce	cuda-mng	float32	prod	33554432	134217728	99.70	99.70	99.70	1346.15	1346.15	1346.15	1346.22
reduce	cuda-mng	float32	prod	67108864	268435456	187.25	187.25	187.25	1433.61	1433.61	1433.61	1433.57
reduce	cuda-mng	float32	min	1024	4096	10.58	10.58	10.58	0.39	0.39	0.39	0.39
reduce	cuda-mng	float32	min	2048	8192	10.34	10.34	10.34	0.79	0.79	0.79	0.79
reduce	cuda-mng	float32	min	4096	16384	10.21	10.21	10.21	1.61	1.61	1.61	1.60
reduce	cuda-mng	float32	min	8192	32768	9.97	9.97	9.97	3.29	3.29	3.29	3.29
reduce	cuda-mng	float32	min	16384	65536	9.84	9.84	9.84	6.66	6.66	6.66	6.66
reduce	cuda-mng	float32	min	32768	131072	9.76	9.76	9.76	13.43	13.43	13.43	13.43
reduce	cuda-mng	float32	min	65536	262144	9.79	9.79	9.79	26.78	26.78	26.78	26.78
reduce	cuda-mng	float32	min	131072	524288	9.81	9.81	9.81	53.44	53.44	53.44	53.44
reduce	cuda-mng	float32	min	262144	1048576	9.84	9.84	9.84	106.62	106.62	106.62	106.56
reduce	cuda-mng	float32	min	524288	2097152	9.95	9.95	9.95	210.88	210.88	210.88	210.77
reduce	cuda-mng	float32	min	1048576	4194304	10.57	10.57	10.57	396.81	396.81	396.81	396.81
reduce	cuda-mng	float32	min	2097152	8388608	11.94	11.94	11.94	702.56	702.56	702.56	702.56
reduce	cuda-mng	float32	min	4194304	16777216	16.16	16.16	16.16	1038.52	1038.52	1038.52	1038.19
reduce	cuda-mng	float32	min	8388608	33554432	32.44	32.44	32.44	1034.35	1034.35	1034.35	1034.35
reduce	cuda-mng	float32	min	16777216	67108864	54.27	54.27	54.27	1236.46	1236.46	1236.46	1236.57
reduce	cuda-mng	float32	min	33554432	134217728	98.42	98.42	98.42	1363.79	1363.79	1363.79	1363.72
reduce	cuda-mng	float32	min	67108864	268435456	186.68	186.68	186.68	1437.98	1437.98	1437.98	1437.94
reduce	cuda-mng	float32	max	1024	4096	8.29	8.29	8.29	0.49	0.49	0.49	0.49
reduce	cuda-mng	float32	max	2048	8192	8.32	8.32	8.32	0.98	0.98	0.98	0.98
reduce	cuda-mng	float32	max	4096	16384	8.45	8.45	8.45	1.94	1.94	1.94	1.94
reduce	cuda-mng	float32	max	8192	32768	8.30	8.30	8.30	3.95	3.95	3.95	3.95
reduce	cuda-mng	float32	max	16384	65536	8.33	8.33	8.33	7.87	7.87	7.87	7.87
reduce	cuda-mng	float32	max	32768	131072	8.39	8.39	8.39	15.62	15.62	15.62	15.62
reduce	cuda-mng	float32	max	65536	262144	8.38	8.38	8.38	31.26	31.26	31.26	31.28
reduce	cuda-mng	float32	max	131072	524288	8.54	8.54	8.54	61.39	61.39	61.39	61.39
reduce	cuda-mng	float32	max	262144	1048576	8.51	8.51	8.51	123.29	123.29	123.29	123.22
reduce	cuda-mng	float32	max	524288	2097152	9.12	9.12	9.12	229.82	229.82	229.82	229.95
reduce	cuda-mng	float32	max	1048576	4194304	9.93	9.93	9.93	422.60	422.60	422.60	422.39
reduce	cuda-mng	float32	max	2097152	8388608	11.24	11.24	11.24	746.32	746.32	746.32	746.32
reduce	cuda-mng	float32	max	4194304	16777216	15.13	15.13	15.13	1108.50	1108.50	1108.50	1108.87
reduce	cuda-mng	float32	max	8388608	33554432	31.44	31.44	31.44	1067.25	1067.25	1067.25	1067.25
reduce	cuda-mng	float32	max	16777216	67108864	53.71	53.71	53.71	1249.47	1249.47	1249.47	1249.47
reduce	cuda-mng	float32	max	33554432	134217728	98.07	98.07	98.07	1368.59	1368.59	1368.59	1368.59
reduce	cuda-mng	float32	max	67108864	268435456	186.60	186.60	186.60	1438.52	1438.52	1438.52	1438.56
reduce	cuda-mng	float64	sum	1024	8192	12.15	12.15	12.15	0.67	0.67	0.67	0.67
reduce	cuda-mng	float64	sum	2048	16384	12.59	12.59	12.59	1.30	1.30	1.30	1.30
reduce	cuda-mng	float64	sum	4096	32768	12.16	12.16	12.16	2.69	2.69	2.69	2.69
reduce	cuda-mng	float64	sum	8192	65536	12.14	12.14	12.14	5.40	5.40	5.40	5.40
reduce	cuda-mng	float64	sum	16384	131072	12.19	12.19	12.19	10.75	10.75	10.75	10.75
reduce	cuda-mng	float64	sum	32768	262144	12.27	12.27	12.27	21.37	21.37	21.37	21.36
reduce	cuda-mng	float64	sum	65536	524288	12.31	12.31	12.31	42.59	42.59	42.59	42.59
reduce	cuda-mng	float64	sum	131072	1048576	12.43	12.43	12.43	84.39	84.39	84.39	84.36
reduce	cuda-mng	float64	sum	262144	2097152	12.49	12.49	12.49	167.91	167.91	167.91	167.91
reduce	cuda-mng	float64	sum	524288	4194304	13.44	13.44	13.44	312.19	312.19	312.19	312.08
reduce	cuda-mng	float64	sum	1048576	8388608	14.71	14.71	14.71	570.27	570.27	570.27	570.27
reduce	cuda-mng	float64	sum	2097152	16777216	18.96	18.96	18.96	884.64	884.64	884.64	884.87
reduce	cuda-mng	float64	sum	4194304	33554432	35.37	35.37	35.37	948.80	948.80	948.80	948.67
reduce	cuda-mng	float64	sum	8388608	67108864	57.41	57.41	57.41	1168.94	1168.94	1168.94	1168.94
reduce	cuda-mng	float64	sum	16777216	134217728	101.78	101.78	101.78	1318.70	1318.70	1318.70	1318.70
reduce	cuda-mng	float64	sum	33554432	268435456	190.49	190.49	190.49	1409.22	1409.22	1409.22	1409.18
reduce	cuda-mng	float64	sum	67108864	536870912	371.03	371.03	371.03	1446.97	1446.97	1446.97	1446.97
reduce	cuda-mng	float64	prod	1024	8192	12.05	12.05	12.05	0.68	0.68	0.68	0.68
reduce	cuda-mng	float64	prod	2048	16384	12.04	12.04	12.04	1.36	1.36	1.36	1.36
reduce	cuda-mng	float64	prod	4096	32768	12.08	12.08	12.08	2.71	2.71	2.71	2.71
reduce	cuda-mng	float64	prod	8192	65536	12.09	12.09	12.09	5.42	5.42	5.42	5.42
reduce	cuda-mng	float64	prod	16384	131072	12.21	12.21	12.21	10.73	10.73	10.73	10.73
reduce	cuda-mng	float64	prod	32768	262144	12.18	12.18	12.18	21.53	21.53	21.53	21.52
reduce	cuda-mng	float64	prod	65536	524288	12.34	12.34	12.34	42.50	42.50	42.50	42.49
reduce	cuda-mng	float64	prod	131072	1048576	12.35	12.35	12.35	84.94	84.94	84.94	84.90
reduce	cuda-mng	float64	prod	262144	2097152	12.36	12.36	12.36	169.74	169.74	169.74	169.67
reduce	cuda-mng	float64	prod	524288	4194304	13.24	13.24	13.24	316.79	316.79	316.79	316.79
reduce	cuda-mng	float64	prod	1048576	8388608	14.48	14.48	14.48	579.32	579.32	579.32	579.32
reduce	cuda-mng	float64	prod	2097152	16777216	18.68	18.68	18.68	897.90	897.90	897.90	898.14
reduce	cuda-mng	float64	prod	4194304	33554432	35.33	35.33	35.33	949.88	949.88	949.88	949.74
reduce	cuda-mng	float64	prod	8388608	67108864	57.44	57.44	57.44	1168.33	1168.33	1168.33	1168.33
reduce	cuda-mng	float64	prod	16777216	134217728	101.53	101.53	101.53	1321.95	1321.95	1321.95	1321.95
reduce	cuda-mng	float64	prod	33554432	268435456	190.29	190.29	190.29	1410.63	1410.63	1410.63	1410.67
reduce	cuda-mng	float64	prod	67108864	536870912	369.94	369.94	369.94	1451.26	1451.26	1451.26	1451.24
reduce	cuda-mng	float64	min	1024	8192	8.49	8.49	8.49	0.96	0.96	0.96	0.96
reduce	cuda-mng	float64	min	2048	16384	8.33	8.33	8.33	1.97	1.97	1.97	1.97
reduce	cuda-mng	float64	min	4096	32768	8.34	8.34	8.34	3.93	3.93	3.93	3.93
reduce	cuda-mng	float64	min	8192	65536	8.30	8.30	8.30	7.89	7.89	7.89	7.90
reduce	cuda-mng	float64	min	16384	131072	8.37	8.37	8.37	15.65	15.65	15.65	15.66
reduce	cuda-mng	float64	min	32768	262144	8.39	8.39	8.39	31.24	31.24	31.24	31.24
reduce	cuda-mng	float64	min	65536	524288	8.59	8.59	8.59	61.07	61.07	61.07	61.03
reduce	cuda-mng	float64	min	131072	1048576	8.44	8.44	8.44	124.31	124.31	124.31	124.24
reduce	cuda-mng	float64	min	262144	2097152	8.72	8.72	8.72	240.50	240.50	240.50	240.50
reduce	cuda-mng	float64	min	524288	4194304	9.57	9.57	9.57	438.28	438.28	438.28	438.28
reduce	cuda-mng	float64	min	1048576	8388608	10.77	10.77	10.77	779.25	779.25	779.25	778.89
reduce	cuda-mng	float64	min	2097152	16777216	15.02	15.02	15.02	1116.99	1116.99	1116.99	1116.99
reduce	cuda-mng	float64	min	4194304	33554432	31.54	31.54	31.54	1063.87	1063.87	1063.87	1063.87
reduce	cuda-mng	float64	min	8388608	67108864	53.70	53.70	53.70	1249.82	1249.82	1249.82	1249.70
reduce	cuda-mng	float64	min	16777216	134217728	98.20	98.20	98.20	1366.71	1366.71	1366.71	1366.78
reduce	cuda-mng	float64	min	33554432	268435456	186.67	186.67	186.67	1438.02	1438.02	1438.02	1438.02
reduce	cuda-mng	float64	min	67108864	536870912	367.12	367.12	367.12	1462.41	1462.41	1462.41	1462.39
reduce	cuda-mng	float64	max	1024	8192	8.48	8.48	8.48	0.97	0.97	0.97	0.97
reduce	cuda-mng	float64	max	2048	16384	8.53	8.53	8.53	1.92	1.92	1.92	1.92
reduce	cuda-mng	float64	max	4096	32768	8.31	8.31	8.31	3.94	3.94	3.94	3.94
reduce	cuda-mng	float64	max	8192	65536	8.30	8.30	8.30	7.89	7.89	7.89	7.90
reduce	cuda-mng	float64	max	16384	131072	8.37	8.37	8.37	15.67	15.67	15.67	15.66
reduce	cuda-mng	float64	max	32768	262144	8.39	8.39	8.39	31.25	31.25	31.25	31.24
reduce	cuda-mng	float64	max	65536	524288	8.57	8.57	8.57	61.14	61.14	61.14	61.18
reduce	cuda-mng	float64	max	131072	1048576	8.43	8.43	8.43	124.39	124.39	124.39	124.39
reduce	cuda-mng	float64	max	262144	2097152	8.72	8.72	8.72	240.36	240.36	240.36	240.50
reduce	cuda-mng	float64	max	524288	4194304	9.61	9.61	9.61	436.68	436.68	436.68	436.45
reduce	cuda-mng	float64	max	1048576	8388608	10.78	10.78	10.78	778.16	778.16	778.16	778.16
reduce	cuda-mng	float64	max	2097152	16777216	15.05	15.05	15.05	1114.39	1114.39	1114.39	1114.77
reduce	cuda-mng	float64	max	4194304	33554432	31.46	31.46	31.46	1066.41	1066.41	1066.41	1066.57
reduce	cuda-mng	float64	max	8388608	67108864	53.70	53.70	53.70	1249.58	1249.58	1249.58	1249.70
reduce	cuda-mng	float64	max	16777216	134217728	98.17	98.17	98.17	1367.20	1367.20	1367.20	1367.20
reduce	cuda-mng	float64	max	33554432	268435456	186.68	186.68	186.68	1437.94	1437.94	1437.94	1437.94
reduce	cuda-mng	float64	max	67108864	536870912	367.14	367.14	367.14	1462.31	1462.31	1462.31	1462.31
reduce	cuda-mng	int32	sum	1024	4096	11.99	11.99	11.99	0.34	0.34	0.34	0.34
reduce	cuda-mng	int32	sum	2048	8192	11.97	11.97	11.97	0.68	0.68	0.68	0.68
reduce	cuda-mng	int32	sum	4096	16384	12.03	12.03	12.03	1.36	1.36	1.36	1.36
reduce	cuda-mng	int32	sum	8192	32768	12.02	12.02	12.02	2.73	2.73	2.73	2.73
reduce	cuda-mng	int32	sum	16384	65536	12.05	12.05	12.05	5.44	5.44	5.44	5.44
reduce	cuda-mng	int32	sum	32768	131072	12.12	12.12	12.12	10.82	10.82	10.82	10.81
reduce	cuda-mng	int32	sum	65536	262144	12.20	12.20	12.20	21.50	21.50	21.50	21.49
reduce	cuda-mng	int32	sum	131072	524288	12.23	12.23	12.23	42.87	42.87	42.87	42.87
reduce	cuda-mng	int32	sum	262144	1048576	12.27	12.27	12.27	85.46	85.46	85.46	85.46
reduce	cuda-mng	int32	sum	524288	2097152	12.44	12.44	12.44	168.58	168.58	168.58	168.58
reduce	cuda-mng	int32	sum	1048576	4194304	13.21	13.21	13.21	317.63	317.63	317.63	317.51
reduce	cuda-mng	int32	sum	2097152	8388608	14.66	14.66	14.66	572.21	572.21	572.21	572.21
reduce	cuda-mng	int32	sum	4194304	16777216	18.93	18.93	18.93	886.51	886.51	886.51	886.28
reduce	cuda-mng	int32	sum	8388608	33554432	35.14	35.14	35.14	954.88	954.88	954.88	954.88
reduce	cuda-mng	int32	sum	16777216	67108864	57.37	57.37	57.37	1169.76	1169.76	1169.76	1169.76
reduce	cuda-mng	int32	sum	33554432	134217728	101.75	101.75	101.75	1319.03	1319.03	1319.03	1319.09
reduce	cuda-mng	int32	sum	67108864	268435456	190.34	190.34	190.34	1410.33	1410.33	1410.33	1410.29
reduce	cuda-mng	int32	prod	1024	4096	12.10	12.10	12.10	0.34	0.34	0.34	0.34
reduce	cuda-mng	int32	prod	2048	8192	12.10	12.10	12.10	0.68	0.68	0.68	0.68
reduce	cuda-mng	int32	prod	4096	16384	12.13	12.13	12.13	1.35	1.35	1.35	1.35
reduce	cuda-mng	int32	prod	8192	32768	12.12	12.12	12.12	2.70	2.70	2.70	2.70
reduce	cuda-mng	int32	prod	16384	65536	12.11	12.11	12.11	5.41	5.41	5.41	5.41
reduce	cuda-mng	int32	prod	32768	131072	12.21	12.21	12.21	10.74	10.74	10.74	10.73
reduce	cuda-mng	int32	prod	65536	262144	12.11	12.11	12.11	21.66	21.66	21.66	21.65
reduce	cuda-mng	int32	prod	131072	524288	12.43	12.43	12.43	42.20	42.20	42.20	42.18
reduce	cuda-mng	int32	prod	262144	1048576	12.14	12.14	12.14	86.34	86.34	86.34	86.37
reduce	cuda-mng	int32	prod	524288	2097152	12.45	12.45	12.45	168.45	168.45	168.45	168.45
reduce	cuda-mng	int32	prod	1048576	4194304	13.19	13.19	13.19	317.99	317.99	317.99	317.99
reduce	cuda-mng	int32	prod	2097152	8388608	14.53	14.53	14.53	577.33	577.33	577.33	577.33
reduce	cuda-mng	int32	prod	4194304	16777216	18.86	18.86	18.86	889.33	889.33	889.33	889.57
reduce	cuda-mng	int32	prod	8388608	33554432	35.16	35.16	35.16	954.20	954.20	954.20	954.34
reduce	cuda-mng	int32	prod	16777216	67108864	55.88	55.88	55.88	1200.84	1200.84	1200.84	1200.95
reduce	cuda-mng	int32	prod	33554432	134217728	99.62	99.62	99.62	1347.23	1347.23	1347.23	1347.30
reduce	cuda-mng	int32	prod	67108864	268435456	187.03	187.03	187.03	1435.29	1435.29	1435.29	1435.25
reduce	cuda-mng	int32	min	1024	4096	12.49	12.49	12.49	0.33	0.33	0.33	0.33
reduce	cuda-mng	int32	min	2048	8192	12.09	12.09	12.09	0.68	0.68	0.68	0.68
reduce	cuda-mng	int32	min	4096	16384	12.12	12.12	12.12	1.35	1.35	1.35	1.35
reduce	cuda-mng	int32	min	8192	32768	12.11	12.11	12.11	2.71	2.71	2.71	2.71
reduce	cuda-mng	int32	min	16384	65536	12.12	12.12	12.12	5.41	5.41	5.41	5.41
reduce	cuda-mng	int32	min	32768	131072	12.21	12.21	12.21	10.73	10.73	10.73	10.73
reduce	cuda-mng	int32	min	65536	262144	12.35	12.35	12.35	21.23	21.23	21.23	21.23
reduce	cuda-mng	int32	min	131072	524288	12.48	12.48	12.48	41.99	41.99	41.99	42.01
reduce	cuda-mng	int32	min	262144	1048576	12.19	12.19	12.19	86.05	86.05	86.05	86.02
reduce	cuda-mng	int32	min	524288	2097152	12.49	12.49	12.49	167.91	167.91	167.91	167.91
reduce	cuda-mng	int32	min	1048576	4194304	13.38	13.38	13.38	313.36	313.36	313.36	313.48
reduce	cuda-mng	int32	min	2097152	8388608	14.51	14.51	14.51	578.13	578.13	578.13	578.13
reduce	cuda-mng	int32	min	4194304	16777216	19.08	19.08	19.08	879.31	879.31	879.31	879.31
reduce	cuda-mng	int32	min	8388608	33554432	35.20	35.20	35.20	953.12	953.12	953.12	953.25
reduce	cuda-mng	int32	min	16777216	67108864	57.51	57.51	57.51	1166.91	1166.91	1166.91	1166.91
reduce	cuda-mng	int32	min	33554432	134217728	101.50	101.50	101.50	1322.34	1322.34	1322.34	1322.34
reduce	cuda-mng	int32	min	67108864	268435456	190.38	190.38	190.38	1410.00	1410.00	1410.00	1410.00
reduce	cuda-mng	int32	max	1024	4096	8.29	8.29	8.29	0.49	0.49	0.49	0.49
reduce	cuda-mng	int32	max	2048	8192	8.32	8.32	8.32	0.98	0.98	0.98	0.98
reduce	cuda-mng	int32	max	4096	16384	8.29	8.29	8.29	1.98	1.98	1.98	1.98
reduce	cuda-mng	int32	max	8192	32768	8.28	8.28	8.28	3.96	3.96	3.96	3.96
reduce	cuda-mng	int32	max	16384	65536	8.32	8.32	8.32	7.87	7.87	7.87	7.88
reduce	cuda-mng	int32	max	32768	131072	8.40	8.40	8.40	15.60	15.60	15.60	15.60
reduce	cuda-mng	int32	max	65536	262144	8.44	8.44	8.44	31.08	31.08	31.08	31.06
reduce	cuda-mng	int32	max	131072	524288	8.54	8.54	8.54	61.36	61.36	61.36	61.39
reduce	cuda-mng	int32	max	262144	1048576	8.48	8.48	8.48	123.65	123.65	123.65	123.65
reduce	cuda-mng	int32	max	524288	2097152	8.74	8.74	8.74	239.95	239.95	239.95	239.95
reduce	cuda-mng	int32	max	1048576	4194304	9.56	9.56	9.56	438.73	438.73	438.73	438.73
reduce	cuda-mng	int32	max	2097152	8388608	10.77	10.77	10.77	779.25	779.25	779.25	778.89
reduce	cuda-mng	int32	max	4194304	16777216	15.03	15.03	15.03	1116.25	1116.25	1116.25	1116.25
reduce	cuda-mng	int32	max	8388608	33554432	31.56	31.56	31.56	1063.19	1063.19	1063.19	1063.19
reduce	cuda-mng	int32	max	16777216	67108864	53.63	53.63	53.63	1251.33	1251.33	1251.33	1251.33
reduce	cuda-mng	int32	max	33554432	134217728	98.14	98.14	98.14	1367.61	1367.61	1367.61	1367.61
reduce	cuda-mng	int32	max	67108864	268435456	186.67	186.67	186.67	1438.02	1438.02	1438.02	1438.02
reduce	cuda-mng	int64	sum	1024	8192	9.94	9.94	9.94	0.82	0.82	0.82	0.82
reduce	cuda-mng	int64	sum	2048	16384	9.96	9.96	9.96	1.64	1.64	1.64	1.64
reduce	cuda-mng	int64	sum	4096	32768	10.27	10.27	10.27	3.19	3.19	3.19	3.19
reduce	cuda-mng	int64	sum	8192	65536	9.97	9.97	9.97	6.58	6.58	6.58	6.57
reduce	cuda-mng	int64	sum	16384	131072	9.98	9.98	9.98	13.13	13.13	13.13	13.13
reduce	cuda-mng	int64	sum	32768	262144	10.05	10.05	10.05	26.09	26.09	26.09	26.08
reduce	cuda-mng	int64	sum	65536	524288	10.21	10.21	10.21	51.38	51.38	51.38	51.35
reduce	cuda-mng	int64	sum	131072	1048576	10.15	10.15	10.15	103.31	103.31	103.31	103.31
reduce	cuda-mng	int64	sum	262144	2097152	10.37	10.37	10.37	202.23	202.23	202.23	202.23
reduce	cuda-mng	int64	sum	524288	4194304	11.24	11.24	11.24	373.16	373.16	373.16	373.16
reduce	cuda-mng	int64	sum	1048576	8388608	12.48	12.48	12.48	672.16	672.16	672.16	672.16
reduce	cuda-mng	int64	sum	2097152	16777216	16.71	16.71	16.71	1003.72	1003.72	1003.72	1004.02
reduce	cuda-mng	int64	sum	4194304	33554432	33.26	33.26	33.26	1008.85	1008.85	1008.85	1008.85
reduce	cuda-mng	int64	sum	8388608	67108864	55.37	55.37	55.37	1212.01	1212.01	1212.01	1212.01
reduce	cuda-mng	int64	sum	16777216	134217728	99.73	99.73	99.73	1345.74	1345.74	1345.74	1345.81
reduce	cuda-mng	int64	sum	33554432	268435456	188.35	188.35	188.35	1425.16	1425.16	1425.16	1425.19
reduce	cuda-mng	int64	sum	67108864	536870912	369.10	369.10	369.10	1454.56	1454.56	1454.56	1454.54
reduce	cuda-mng	int64	prod	1024	8192	8.84	8.84	8.84	0.93	0.93	0.93	0.93
reduce	cuda-mng	int64	prod	2048	16384	8.99	8.99	8.99	1.82	1.82	1.82	1.82
reduce	cuda-mng	int64	prod	4096	32768	8.86	8.86	8.86	3.70	3.70	3.70	3.70
reduce	cuda-mng	int64	prod	8192	65536	8.87	8.87	8.87	7.39	7.39	7.39	7.39
reduce	cuda-mng	int64	prod	16384	131072	8.91	8.91	8.91	14.70	14.70	14.70	14.71
reduce	cuda-mng	int64	prod	32768	262144	8.95	8.95	8.95	29.29	29.29	29.29	29.29
reduce	cuda-mng	int64	prod	65536	524288	9.12	9.12	9.12	57.52	57.52	57.52	57.49
reduce	cuda-mng	int64	prod	131072	1048576	9.02	9.02	9.02	116.31	116.31	116.31	116.25
reduce	cuda-mng	int64	prod	262144	2097152	9.27	9.27	9.27	226.23	226.23	226.23	226.23
reduce	cuda-mng	int64	prod	524288	4194304	10.17	10.17	10.17	412.42	412.42	412.42	412.42
reduce	cuda-mng	int64	prod	1048576	8388608	11.30	11.30	11.30	742.03	742.03	742.03	742.35
reduce	cuda-mng	int64	prod	2097152	16777216	15.56	15.56	15.56	1078.23	1078.23	1078.23	1078.23
reduce	cuda-mng	int64	prod	4194304	33554432	32.03	32.03	32.03	1047.59	1047.59	1047.59	1047.59
reduce	cuda-mng	int64	prod	8388608	67108864	54.33	54.33	54.33	1235.21	1235.21	1235.21	1235.21
reduce	cuda-mng	int64	prod	16777216	134217728	98.62	98.62	98.62	1360.96	1360.96	1360.96	1360.96
reduce	cuda-mng	int64	prod	33554432	268435456	187.12	187.12	187.12	1434.60	1434.60	1434.60	1434.56
reduce	cuda-mng	int64	prod	67108864	536870912	367.71	367.71	367.71	1460.02	1460.02	1460.02	1460.04
reduce	cuda-mng	int64	min	1024	8192	12.10	12.10	12.10	0.68	0.68	0.68	0.68
reduce	cuda-mng	int64	min	2048	16384	12.07	12.07	12.07	1.36	1.36	1.36	1.36
reduce	cuda-mng	int64	min	4096	32768	12.08	12.08	12.08	2.71	2.71	2.71	2.71
reduce	cuda-mng	int64	min	8192	65536	12.13	12.13	12.13	5.40	5.40	5.40	5.40
reduce	cuda-mng	int64	min	16384	131072	12.20	12.20	12.20	10.75	10.75	10.75	10.74
reduce	cuda-mng	int64	min	32768	262144	12.35	12.35	12.35	21.23	21.23	21.23	21.23
reduce	cuda-mng	int64	min	65536	524288	12.28	12.28	12.28	42.71	42.71	42.71	42.69
reduce	cuda-mng	int64	min	131072	1048576	12.33	12.33	12.33	85.04	85.04	85.04	85.04
reduce	cuda-mng	int64	min	262144	2097152	12.52	12.52	12.52	167.50	167.50	167.50	167.50
reduce	cuda-mng	int64	min	524288	4194304	13.37	13.37	13.37	313.71	313.71	313.71	313.71
reduce	cuda-mng	int64	min	1048576	8388608	14.48	14.48	14.48	579.12	579.12	579.12	579.32
reduce	cuda-mng	int64	min	2097152	16777216	18.71	18.71	18.71	896.46	896.46	896.46	896.70
reduce	cuda-mng	int64	min	4194304	33554432	35.31	35.31	35.31	950.28	950.28	950.28	950.28
reduce	cuda-mng	int64	min	8388608	67108864	57.44	57.44	57.44	1168.43	1168.43	1168.43	1168.33
reduce	cuda-mng	int64	min	16777216	134217728	101.50	101.50	101.50	1322.28	1322.28	1322.28	1322.34
reduce	cuda-mng	int64	min	33554432	268435456	190.66	190.66	190.66	1407.93	1407.93	1407.93	1407.93
reduce	cuda-mng	int64	min	67108864	536870912	370.94	370.94	370.94	1447.33	1447.33	1447.33	1447.33
reduce	cuda-mng	int64	max	1024	8192	10.44	10.44	10.44	0.79	0.79	0.79	0.78
reduce	cuda-mng	int64	max	2048	16384	10.04	10.04	10.04	1.63	1.63	1.63	1.63
reduce	cuda-mng	int64	max	4096	32768	10.08	10.08	10.08	3.25	3.25	3.25	3.25
reduce	cuda-mng	int64	max	8192	65536	10.17	10.17	10.17	6.44	6.44	6.44	6.44
reduce	cuda-mng	int64	max	16384	131072	10.28	10.28	10.28	12.75	12.75	12.75	12.75
reduce	cuda-mng	int64	max	32768	262144	10.32	10.32	10.32	25.39	25.39	25.39	25.40
reduce	cuda-mng	int64	max	65536	524288	10.51	10.51	10.51	49.88	49.88	49.88	49.88
reduce	cuda-mng	int64	max	131072	1048576	10.52	10.52	10.52	99.67	99.67	99.67	99.67
reduce	cuda-mng	int64	max	262144	2097152	10.74	10.74	10.74	195.27	195.27	195.27	195.27
reduce	cuda-mng	int64	max	524288	4194304	11.66	11.66	11.66	359.72	359.72	359.72	359.72
reduce	cuda-mng	int64	max	1048576	8388608	12.76	12.76	12.76	657.41	657.41	657.41	657.41
reduce	cuda-mng	int64	max	2097152	16777216	17.08	17.08	17.08	982.27	982.27	982.27	982.27
reduce	cuda-mng	int64	max	4194304	33554432	33.58	33.58	33.58	999.39	999.39	999.39	999.24
reduce	cuda-mng	int64	max	8388608	67108864	55.86	55.86	55.86	1201.38	1201.38	1201.38	1201.38
reduce	cuda-mng	int64	max	16777216	134217728	100.02	100.02	100.02	1341.91	1341.91	1341.91	1341.91
reduce	cuda-mng	int64	max	33554432	268435456	189.34	189.34	189.34	1417.78	1417.78	1417.78	1417.74
reduce	cuda-mng	int64	max	67108864	536870912	370.86	370.86	370.86	1447.66	1447.66	1447.66	1447.64
allreduce	cuda	float32	sum	1024	4096	8.51	8.51	8.51	0.00	0.00	0.00	0.48
allreduce	cuda	float32	sum	2048	8192	8.40	8.40	8.40	0.00	0.00	0.00	0.98
allreduce	cuda	float32	sum	4096	16384	8.33	8.33	8.33	0.00	0.00	0.00	1.97
allreduce	cuda	float32	sum	8192	32768	8.37	8.37	8.37	0.00	0.00	0.00	3.91
allreduce	cuda	float32	sum	16384	65536	8.38	8.38	8.38	0.00	0.00	0.00	7.82
allreduce	cuda	float32	sum	32768	131072	8.44	8.44	8.44	0.00	0.00	0.00	15.53
allreduce	cuda	float32	sum	65536	262144	8.43	8.43	8.43	0.00	0.00	0.00	31.10
allreduce	cuda	float32	sum	131072	524288	8.63	8.63	8.63	0.00	0.00	0.00	60.75
allreduce	cuda	float32	sum	262144	1048576	8.54	8.54	8.54	0.00	0.00	0.00	122.78
allreduce	cuda	float32	sum	524288	2097152	8.74	8.74	8.74	0.00	0.00	0.00	239.95
allreduce	cuda	float32	sum	1048576	4194304	9.78	9.78	9.78	0.00	0.00	0.00	428.87
allreduce	cuda	float32	sum	2097152	8388608	10.86	10.86	10.86	0.00	0.00	0.00	772.43
allreduce	cuda	float32	sum	4194304	16777216	15.12	15.12	15.12	0.00	0.00	0.00	1109.60
allreduce	cuda	float32	sum	8388608	33554432	31.18	31.18	31.18	0.00	0.00	0.00	1076.15
allreduce	cuda	float32	sum	16777216	67108864	53.41	53.41	53.41	0.00	0.00	0.00	1256.49
allreduce	cuda	float32	sum	33554432	134217728	97.44	97.44	97.44	0.00	0.00	0.00	1377.44
allreduce	cuda	float32	sum	67108864	268435456	185.00	185.00	185.00	0.00	0.00	0.00	1451.00
allreduce	cuda	float32	prod	1024	4096	12.05	12.05	12.05	0.00	0.00	0.00	0.34
allreduce	cuda	float32	prod	2048	8192	12.06	12.06	12.06	0.00	0.00	0.00	0.68
allreduce	cuda	float32	prod	4096	16384	12.05	12.05	12.05	0.00	0.00	0.00	1.36
allreduce	cuda	float32	prod	8192	32768	12.04	12.04	12.04	0.00	0.00	0.00	2.72
allreduce	cuda	float32	prod	16384	65536	12.02	12.02	12.02	0.00	0.00	0.00	5.45
allreduce	cuda	float32	prod	32768	131072	12.13	12.13	12.13	0.00	0.00	0.00	10.81
allreduce	cuda	float32	prod	65536	262144	12.24	12.24	12.24	0.00	0.00	0.00	21.42
allreduce	cuda	float32	prod	131072	524288	12.25	12.25	12.25	0.00	0.00	0.00	42.80
allreduce	cuda	float32	prod	262144	1048576	12.26	12.26	12.26	0.00	0.00	0.00	85.53
allreduce	cuda	float32	prod	524288	2097152	12.41	12.41	12.41	0.00	0.00	0.00	168.99
allreduce	cuda	float32	prod	1048576	4194304	13.41	13.41	13.41	0.00	0.00	0.00	312.77
allreduce	cuda	float32	prod	2097152	8388608	14.55	14.55	14.55	0.00	0.00	0.00	576.54
allreduce	cuda	float32	prod	4194304	16777216	18.91	18.91	18.91	0.00	0.00	0.00	887.21
allreduce	cuda	float32	prod	8388608	33554432	34.96	34.96	34.96	0.00	0.00	0.00	959.79
allreduce	cuda	float32	prod	16777216	67108864	57.10	57.10	57.10	0.00	0.00	0.00	1175.29
allreduce	cuda	float32	prod	33554432	134217728	100.68	100.68	100.68	0.00	0.00	0.00	1333.11
allreduce	cuda	float32	prod	67108864	268435456	189.13	189.13	189.13	0.00	0.00	0.00	1419.32
allreduce	cuda	float32	min	1024	4096	8.47	8.47	8.47	0.00	0.00	0.00	0.48
allreduce	cuda	float32	min	2048	8192	8.26	8.26	8.26	0.00	0.00	0.00	0.99
allreduce	cuda	float32	min	4096	16384	8.57	8.57	8.57	0.00	0.00	0.00	1.91
allreduce	cuda	float32	min	8192	32768	8.29	8.29	8.29	0.00	0.00	0.00	3.95
allreduce	cuda	float32	min	16384	65536	8.28	8.28	8.28	0.00	0.00	0.00	7.91
allreduce	cuda	float32	min	32768	131072	8.32	8.32	8.32	0.00	0.00	0.00	15.75
allreduce	cuda	float32	min	65536	262144	8.31	8.31	8.31	0.00	0.00	0.00	31.55
allreduce	cuda	float32	min	131072	524288	8.52	8.52	8.52	0.00	0.00	0.00	61.54
allreduce	cuda	float32	min	262144	1048576	8.44	8.44	8.44	0.00	0.00	0.00	124.24
allreduce	cuda	float32	min	524288	2097152	8.71	8.71	8.71	0.00	0.00	0.00	240.78
allreduce	cuda	float32	min	1048576	4194304	9.63	9.63	9.63	0.00	0.00	0.00	435.55
allreduce	cuda	float32	min	2097152	8388608	10.78	10.78	10.78	0.00	0.00	0.00	778.16
allreduce	cuda	float32	min	4194304	16777216	15.06	15.06	15.06	0.00	0.00	0.00	1114.02
allreduce	cuda	float32	min	8388608	33554432	31.15	31.15	31.15	0.00	0.00	0.00	1077.19
allreduce	cuda	float32	min	16777216	67108864	53.62	53.62	53.62	0.00	0.00	0.00	1251.56
allreduce	cuda	float32	min	33554432	134217728	97.08	97.08	97.08	0.00	0.00	0.00	1382.55
allreduce	cuda	float32	min	67108864	268435456	184.90	184.90	184.90	0.00	0.00	0.00	1451.79
allreduce	cuda	float32	max	1024	4096	12.94	12.94	12.94	0.00	0.00	0.00	0.32
allreduce	cuda	float32	max	2048	8192	12.69	12.69	12.69	0.00	0.00	0.00	0.65
allreduce	cuda	float32	max	4096	16384	12.38	12.38	12.38	0.00	0.00	0.00	1.32
allreduce	cuda	float32	max	8192	32768	12.43	12.43	12.43	0.00	0.00	0.00	2.64
allreduce	cuda	float32	max	16384	65536	12.70	12.70	12.70	0.00	0.00	0.00	5.16
allreduce	cuda	float32	max	32768	131072	12.87	12.87	12.87	0.00	0.00	0.00	10.18
allreduce	cuda	float32	max	65536	262144	12.81	12.81	12.81	0.00	0.00	0.00	20.46
allreduce	cuda	float32	max	131072	524288	13.11	13.11	13.11	0.00	0.00	0.00	39.99
allreduce	cuda	float32	max	262144	1048576	12.96	12.96	12.96	0.00	0.00	0.00	80.91
allreduce	cuda	float32	max	524288	2097152	13.44	13.44	13.44	0.00	0.00	0.00	156.04
allreduce	cuda	float32	max	1048576	4194304	14.29	14.29	14.29	0.00	0.00	0.00	293.51
allreduce	cuda	float32	max	2097152	8388608	15.54	15.54	15.54	0.00	0.00	0.00	539.81
allreduce	cuda	float32	max	4194304	16777216	19.86	19.86	19.86	0.00	0.00	0.00	844.77
allreduce	cuda	float32	max	8388608	33554432	36.03	36.03	36.03	0.00	0.00	0.00	931.29
allreduce	cuda	float32	max	16777216	67108864	58.00	58.00	58.00	0.00	0.00	0.00	1157.05
allreduce	cuda	float32	max	33554432	134217728	100.93	100.93	100.93	0.00	0.00	0.00	1329.81
allreduce	cuda	float32	max	67108864	268435456	189.60	189.60	189.60	0.00	0.00	0.00	1415.80
allreduce	cuda	float64	sum	1024	8192	10.34	10.34	10.34	0.00	0.00	0.00	0.79
allreduce	cuda	float64	sum	2048	16384	10.18	10.18	10.18	0.00	0.00	0.00	1.61
allreduce	cuda	float64	sum	4096	32768	10.24	10.24	10.24	0.00	0.00	0.00	3.20
allreduce	cuda	float64	sum	8192	65536	10.30	10.30	10.30	0.00	0.00	0.00	6.36
allreduce	cuda	float64	sum	16384	131072	10.36	10.36	10.36	0.00	0.00	0.00	12.65
allreduce	cuda	float64	sum	32768	262144	10.42	10.42	10.42	0.00	0.00	0.00	25.16
allreduce	cuda	float64	sum	65536	524288	10.62	10.62	10.62	0.00	0.00	0.00	49.37
allreduce	cuda	float64	sum	131072	1048576	15.12	15.12	15.12	0.00	0.00	0.00	69.35
allreduce	cuda	float64	sum	262144	2097152	10.88	10.88	10.88	0.00	0.00	0.00	192.75
allreduce	cuda	float64	sum	524288	4194304	11.85	11.85	11.85	0.00	0.00	0.00	353.95
allreduce	cuda	float64	sum	1048576	8388608	12.86	12.86	12.86	0.00	0.00	0.00	652.30
allreduce	cuda	float64	sum	2097152	16777216	17.20	17.20	17.20	0.00	0.00	0.00	975.42
allreduce	cuda	float64	sum	4194304	33554432	33.41	33.41	33.41	0.00	0.00	0.00	1004.32
allreduce	cuda	float64	sum	8388608	67108864	55.53	55.53	55.53	0.00	0.00	0.00	1208.52
allreduce	cuda	float64	sum	16777216	134217728	99.11	99.11	99.11	0.00	0.00	0.00	1354.23
allreduce	cuda	float64	sum	33554432	268435456	187.21	187.21	187.21	0.00	0.00	0.00	1433.87
allreduce	cuda	float64	sum	67108864	536870912	366.25	366.25	366.25	0.00	0.00	0.00	1465.86
allreduce	cuda	float64	prod	1024	8192	12.25	12.25	12.25	0.00	0.00	0.00	0.67
allreduce	cuda	float64	prod	2048	16384	12.01	12.01	12.01	0.00	0.00	0.00	1.36
allreduce	cuda	float64	prod	4096	32768	11.98	11.98	11.98	0.00	0.00	0.00	2.74
allreduce	cuda	float64	prod	8192	65536	11.99	11.99	11.99	0.00	0.00	0.00	5.47
allreduce	cuda	float64	prod	16384	131072	12.07	12.07	12.07	0.00	0.00	0.00	10.86
allreduce	cuda	float64	prod	32768	262144	12.03	12.03	12.03	0.00	0.00	0.00	21.79
allreduce	cuda	float64	prod	65536	524288	12.19	12.19	12.19	0.00	0.00	0.00	43.01
allreduce	cuda	float64	prod	131072	1048576	12.08	12.08	12.08	0.00	0.00	0.00	86.80
allreduce	cuda	float64	prod	262144	2097152	11.24	11.24	11.24	0.00	0.00	0.00	186.58
allreduce	cuda	float64	prod	524288	4194304	11.86	11.86	11.86	0.00	0.00	0.00	353.65
allreduce	cuda	float64	prod	1048576	8388608	13.06	13.06	13.06	0.00	0.00	0.00	642.31
allreduce	cuda	float64	prod	2097152	16777216	17.15	17.15	17.15	0.00	0.00	0.00	978.26
allreduce	cuda	float64	prod	4194304	33554432	33.41	33.41	33.41	0.00	0.00	0.00	1004.32
allreduce	cuda	float64	prod	8388608	67108864	55.15	55.15	55.15	0.00	0.00	0.00	1216.84
allreduce	cuda	float64	prod	16777216	134217728	98.45	98.45	98.45	0.00	0.00	0.00	1363.31
allreduce	cuda	float64	prod	33554432	268435456	186.48	186.48	186.48	0.00	0.00	0.00	1439.49
allreduce	cuda	float64	prod	67108864	536870912	371.50	371.50	371.50	0.00	0.00	0.00	1445.14
allreduce	cuda	float64	min	1024	8192	8.29	8.29	8.29	0.00	0.00	0.00	0.99
allreduce	cuda	float64	min	2048	16384	8.56	8.56	8.56	0.00	0.00	0.00	1.91
allreduce	cuda	float64	min	4096	32768	8.43	8.43	8.43	0.00	0.00	0.00	3.89
allreduce	cuda	float64	min	8192	65536	8.35	8.35	8.35	0.00	0.00	0.00	7.85
allreduce	cuda	float64	min	16384	131072	8.38	8.38	8.38	0.00	0.00	0.00	15.64
allreduce	cuda	float64	min	32768	262144	8.38	8.38	8.38	0.00	0.00	0.00	31.28
allreduce	cuda	float64	min	65536	524288	8.60	8.60	8.60	0.00	0.00	0.00	60.96
allreduce	cuda	float64	min	131072	1048576	8.48	8.48	8.48	0.00	0.00	0.00	123.65
allreduce	cuda	float64	min	262144	2097152	8.72	8.72	8.72	0.00	0.00	0.00	240.50
allreduce	cuda	float64	min	524288	4194304	9.74	9.74	9.74	0.00	0.00	0.00	430.63
allreduce	cuda	float64	min	1048576	8388608	10.78	10.78	10.78	0.00	0.00	0.00	778.16
allreduce	cuda	float64	min	2097152	16777216	15.12	15.12	15.12	0.00	0.00	0.00	1109.60
allreduce	cuda	float64	min	4194304	33554432	31.32	31.32	31.32	0.00	0.00	0.00	1071.34
allreduce	cuda	float64	min	8388608	67108864	53.42	53.42	53.42	0.00	0.00	0.00	1256.25
allreduce	cuda	float64	min	16777216	134217728	97.22	97.22	97.22	0.00	0.00	0.00	1380.56
allreduce	cuda	float64	min	33554432	268435456	184.97	184.97	184.97	0.00	0.00	0.00	1451.24
allreduce	cuda	float64	min	67108864	536870912	363.74	363.74	363.74	0.00	0.00	0.00	1475.97
allreduce	cuda	float64	max	1024	8192	12.54	12.54	12.54	0.00	0.00	0.00	0.65
allreduce	cuda	float64	max	2048	16384	12.05	12.05	12.05	0.00	0.00	0.00	1.36
allreduce	cuda	float64	max	4096	32768	12.06	12.06	12.06	0.00	0.00	0.00	2.72
allreduce	cuda	float64	max	8192	65536	12.08	12.08	12.08	0.00	0.00	0.00	5.43
allreduce	cuda	float64	max	16384	131072	12.18	12.18	12.18	0.00	0.00	0.00	10.76
allreduce	cuda	float64	max	32768	262144	12.15	12.15	12.15	0.00	0.00	0.00	21.58
allreduce	cuda	float64	max	65536	524288	12.28	12.28	12.28	0.00	0.00	0.00	42.69
allreduce	cuda	float64	max	131072	1048576	12.30	12.30	12.30	0.00	0.00	0.00	85.25
allreduce	cuda	float64	max	262144	2097152	12.44	12.44	12.44	0.00	0.00	0.00	168.58
allreduce	cuda	float64	max	524288	4194304	13.55	13.55	13.55	0.00	0.00	0.00	309.54
allreduce	cuda	float64	max	1048576	8388608	14.52	14.52	14.52	0.00	0.00	0.00	577.73
allreduce	cuda	float64	max	2097152	16777216	19.03	19.03	19.03	0.00	0.00	0.00	881.62
allreduce	cuda	float64	max	4194304	33554432	35.35	35.35	35.35	0.00	0.00	0.00	949.21
allreduce	cuda	float64	max	8388608	67108864	57.06	57.06	57.06	0.00	0.00	0.00	1176.11
allreduce	cuda	float64	max	16777216	134217728	100.19	100.19	100.19	0.00	0.00	0.00	1339.63
allreduce	cuda	float64	max	33554432	268435456	188.75	188.75	188.75	0.00	0.00	0.00	1422.17
allreduce	cuda	float64	max	67108864	536870912	367.87	367.87	367.87	0.00	0.00	0.00	1459.40
allreduce	cuda	int32	sum	1024	4096	8.24	8.24	8.24	0.00	0.00	0.00	0.50
allreduce	cuda	int32	sum	2048	8192	8.25	8.25	8.25	0.00	0.00	0.00	0.99
allreduce	cuda	int32	sum	4096	16384	8.36	8.36	8.36	0.00	0.00	0.00	1.96
allreduce	cuda	int32	sum	8192	32768	8.27	8.27	8.27	0.00	0.00	0.00	3.96
allreduce	cuda	int32	sum	16384	65536	8.26	8.26	8.26	0.00	0.00	0.00	7.93
allreduce	cuda	int32	sum	32768	131072	8.34	8.34	8.34	0.00	0.00	0.00	15.72
allreduce	cuda	int32	sum	65536	262144	8.36	8.36	8.36	0.00	0.00	0.00	31.36
allreduce	cuda	int32	sum	131072	524288	8.46	8.46	8.46	0.00	0.00	0.00	61.97
allreduce	cuda	int32	sum	262144	1048576	8.43	8.43	8.43	0.00	0.00	0.00	124.39
allreduce	cuda	int32	sum	524288	2097152	8.65	8.65	8.65	0.00	0.00	0.00	242.45
allreduce	cuda	int32	sum	1048576	4194304	9.59	9.59	9.59	0.00	0.00	0.00	437.36
allreduce	cuda	int32	sum	2097152	8388608	10.77	10.77	10.77	0.00	0.00	0.00	778.89
allreduce	cuda	int32	sum	4194304	16777216	14.99	14.99	14.99	0.00	0.00	0.00	1119.23
allreduce	cuda	int32	sum	8388608	33554432	31.19	31.19	31.19	0.00	0.00	0.00	1075.81
allreduce	cuda	int32	sum	16777216	67108864	53.34	53.34	53.34	0.00	0.00	0.00	1258.13
allreduce	cuda	int32	sum	33554432	134217728	97.42	97.42	97.42	0.00	0.00	0.00	1377.72
allreduce	cuda	int32	sum	67108864	268435456	184.94	184.94	184.94	0.00	0.00	0.00	1451.47
allreduce	cuda	int32	prod	1024	4096	12.30	12.30	12.30	0.00	0.00	0.00	0.33
allreduce	cuda	int32	prod	2048	8192	12.00	12.00	12.00	0.00	0.00	0.00	0.68
allreduce	cuda	int32	prod	4096	16384	12.00	12.00	12.00	0.00	0.00	0.00	1.37
allreduce	cuda	int32	prod	8192	32768	12.02	12.02	12.02	0.00	0.00	0.00	2.73
allreduce	cuda	int32	prod	16384	65536	12.04	12.04	12.04	0.00	0.00	0.00	5.44
allreduce	cuda	int32	prod	32768	131072	12.11	12.11	12.11	0.00	0.00	0.00	10.82
allreduce	cuda	int32	prod	65536	262144	12.11	12.11	12.11	0.00	0.00	0.00	21.65
allreduce	cuda	int32	prod	131072	524288	12.37	12.37	12.37	0.00	0.00	0.00	42.38
allreduce	cuda	int32	prod	262144	1048576	12.21	12.21	12.21	0.00	0.00	0.00	85.88
allreduce	cuda	int32	prod	524288	2097152	12.66	12.66	12.66	0.00	0.00	0.00	165.65
allreduce	cuda	int32	prod	1048576	4194304	13.40	13.40	13.40	0.00	0.00	0.00	313.01
allreduce	cuda	int32	prod	2097152	8388608	14.62	14.62	14.62	0.00	0.00	0.00	573.78
allreduce	cuda	int32	prod	4194304	16777216	18.98	18.98	18.98	0.00	0.00	0.00	883.94
allreduce	cuda	int32	prod	8388608	33554432	35.15	35.15	35.15	0.00	0.00	0.00	954.61
allreduce	cuda	int32	prod	16777216	67108864	56.76	56.76	56.76	0.00	0.00	0.00	1182.33
allreduce	cuda	int32	prod	33554432	134217728	99.97	99.97	99.97	0.00	0.00	0.00	1342.58
allreduce	cuda	int32	prod	67108864	268435456	188.79	188.79	188.79	0.00	0.00	0.00	1421.87
allreduce	cuda	int32	min	1024	4096	12.10	12.10	12.10	0.00	0.00	0.00	0.34
allreduce	cuda	int32	min	2048	8192	12.10	12.10	12.10	0.00	0.00	0.00	0.68
allreduce	cuda	int32	min	4096	16384	11.99	11.99	11.99	0.00	0.00	0.00	1.37
allreduce	cuda	int32	min	8192	32768	12.01	12.01	12.01	0.00	0.00	0.00	2.73
allreduce	cuda	int32	min	16384	65536	12.03	12.03	12.03	0.00	0.00	0.00	5.45
allreduce	cuda	int32	min	32768	131072	12.10	12.10	12.10	0.00	0.00	0.00	10.83
allreduce	cuda	int32	min	65536	262144	12.21	12.21	12.21	0.00	0.00	0.00	21.47
allreduce	cuda	int32	min	131072	524288	12.13	12.13	12.13	0.00	0.00	0.00	43.22
allreduce	cuda	int32	min	262144	1048576	12.11	12.11	12.11	0.00	0.00	0.00	86.59
allreduce	cuda	int32	min	524288	2097152	12.30	12.30	12.30	0.00	0.00	0.00	170.50
allreduce	cuda	int32	min	1048576	4194304	13.36	13.36	13.36	0.00	0.00	0.00	313.94
allreduce	cuda	int32	min	2097152	8388608	14.54	14.54	14.54	0.00	0.00	0.00	576.93
allreduce	cuda	int32	min	4194304	16777216	18.88	18.88	18.88	0.00	0.00	0.00	888.62
allreduce	cuda	int32	min	8388608	33554432	34.95	34.95	34.95	0.00	0.00	0.00	960.07
allreduce	cuda	int32	min	16777216	67108864	56.87	56.87	56.87	0.00	0.00	0.00	1180.04
allreduce	cuda	int32	min	33554432	134217728	100.08	100.08	100.08	0.00	0.00	0.00	1341.10
allreduce	cuda	int32	min	67108864	268435456	188.52	188.52	188.52	0.00	0.00	0.00	1423.91
allreduce	cuda	int32	max	1024	4096	11.07	11.07	11.07	0.00	0.00	0.00	0.37
allreduce	cuda	int32	max	2048	8192	11.05	11.05	11.05	0.00	0.00	0.00	0.74
allreduce	cuda	int32	max	4096	16384	11.20	11.20	11.20	0.00	0.00	0.00	1.46
allreduce	cuda	int32	max	8192	32768	11.31	11.31	11.31	0.00	0.00	0.00	2.90
allreduce	cuda	int32	max	16384	65536	11.45	11.45	11.45	0.00	0.00	0.00	5.72
allreduce	cuda	int32	max	32768	131072	11.78	11.78	11.78	0.00	0.00	0.00	11.13
allreduce	cuda	int32	max	65536	262144	11.84	11.84	11.84	0.00	0.00	0.00	22.14
allreduce	cuda	int32	max	131072	524288	11.87	11.87	11.87	0.00	0.00	0.00	44.17
allreduce	cuda	int32	max	262144	1048576	12.89	12.89	12.89	0.00	0.00	0.00	81.35
allreduce	cuda	int32	max	524288	2097152	12.56	12.56	12.56	0.00	0.00	0.00	166.97
allreduce	cuda	int32	max	1048576	4194304	14.53	14.53	14.53	0.00	0.00	0.00	288.67
allreduce	cuda	int32	max	2097152	8388608	14.54	14.54	14.54	0.00	0.00	0.00	576.93
allreduce	cuda	int32	max	4194304	16777216	18.82	18.82	18.82	0.00	0.00	0.00	891.46
allreduce	cuda	int32	max	8388608	33554432	34.80	34.80	34.80	0.00	0.00	0.00	964.21
allreduce	cuda	int32	max	16777216	67108864	56.90	56.90	56.90	0.00	0.00	0.00	1179.42
allreduce	cuda	int32	max	33554432	134217728	100.49	100.49	100.49	0.00	0.00	0.00	1335.63
allreduce	cuda	int32	max	67108864	268435456	194.48	194.48	194.48	0.00	0.00	0.00	1380.27
allreduce	cuda	int64	sum	1024	8192	11.24	11.24	11.24	0.00	0.00	0.00	0.73
allreduce	cuda	int64	sum	2048	16384	10.60	10.60	10.60	0.00	0.00	0.00	1.55
allreduce	cuda	int64	sum	4096	32768	10.28	10.28	10.28	0.00	0.00	0.00	3.19
allreduce	cuda	int64	sum	8192	65536	10.08	10.08	10.08	0.00	0.00	0.00	6.50
allreduce	cuda	int64	sum	16384	131072	9.93	9.93	9.93	0.00	0.00	0.00	13.20
allreduce	cuda	int64	sum	32768	262144	9.84	9.84	9.84	0.00	0.00	0.00	26.64
allreduce	cuda	int64	sum	65536	524288	9.85	9.85	9.85	0.00	0.00	0.00	53.23
allreduce	cuda	int64	sum	131072	1048576	9.79	9.79	9.79	0.00	0.00	0.00	107.11
allreduce	cuda	int64	sum	262144	2097152	9.98	9.98	9.98	0.00	0.00	0.00	210.14
allreduce	cuda	int64	sum	524288	4194304	11.05	11.05	11.05	0.00	0.00	0.00	379.58
allreduce	cuda	int64	sum	1048576	8388608	12.11	12.11	12.11	0.00	0.00	0.00	692.70
allreduce	cuda	int64	sum	2097152	16777216	16.12	16.12	16.12	0.00	0.00	0.00	1040.77
allreduce	cuda	int64	sum	4194304	33554432	32.48	32.48	32.48	0.00	0.00	0.00	1033.08
allreduce	cuda	int64	sum	8388608	67108864	54.38	54.38	54.38	0.00	0.00	0.00	1234.07
allreduce	cuda	int64	sum	16777216	134217728	97.72	97.72	97.72	0.00	0.00	0.00	1373.49
allreduce	cuda	int64	sum	33554432	268435456	185.54	185.54	185.54	0.00	0.00	0.00	1446.78
allreduce	cuda	int64	sum	67108864	536870912	364.24	364.24	364.24	0.00	0.00	0.00	1473.95
allreduce	cuda	int64	prod	1024	8192	8.43	8.43	8.43	0.00	0.00	0.00	0.97
allreduce	cuda	int64	prod	2048	16384	8.51	8.51	8.51	0.00	0.00	0.00	1.93
allreduce	cuda	int64	prod	4096	32768	8.31	8.31	8.31	0.00	0.00	0.00	3.94
allreduce	cuda	int64	prod	8192	65536	8.31	8.31	8.31	0.00	0.00	0.00	7.89
allreduce	cuda	int64	prod	16384	131072	8.36	8.36	8.36	0.00	0.00	0.00	15.68
allreduce	cuda	int64	prod	32768	262144	8.35	8.35	8.35	0.00	0.00	0.00	31.39
allreduce	cuda	int64	prod	65536	524288	8.56	8.56	8.56	0.00	0.00	0.00	61.25
allreduce	cuda	int64	prod	131072	1048576	8.45	8.45	8.45	0.00	0.00	0.00	124.09
allreduce	cuda	int64	prod	262144	2097152	8.67	8.67	8.67	0.00	0.00	0.00	241.89
allreduce	cuda	int64	prod	524288	4194304	9.62	9.62	9.62	0.00	0.00	0.00	436.00
allreduce	cuda	int64	prod	1048576	8388608	10.74	10.74	10.74	0.00	0.00	0.00	781.06
allreduce	cuda	int64	prod	2097152	16777216	14.96	14.96	14.96	0.00	0.00	0.00	1121.47
allreduce	cuda	int64	prod	4194304	33554432	31.36	31.36	31.36	0.00	0.00	0.00	1069.98
allreduce	cuda	int64	prod	8388608	67108864	53.34	53.34	53.34	0.00	0.00	0.00	1258.13
allreduce	cuda	int64	prod	16777216	134217728	97.19	97.19	97.19	0.00	0.00	0.00	1380.98
allreduce	cuda	int64	prod	33554432	268435456	184.93	184.93	184.93	0.00	0.00	0.00	1451.55
allreduce	cuda	int64	prod	67108864	536870912	363.62	363.62	363.62	0.00	0.00	0.00	1476.46
allreduce	cuda	int64	min	1024	8192	8.40	8.40	8.40	0.00	0.00	0.00	0.98
allreduce	cuda	int64	min	2048	16384	8.25	8.25	8.25	0.00	0.00	0.00	1.99
allreduce	cuda	int64	min	4096	32768	8.27	8.27	8.27	0.00	0.00	0.00	3.96
allreduce	cuda	int64	min	8192	65536	8.25	8.25	8.25	0.00	0.00	0.00	7.94
allreduce	cuda	int64	min	16384	131072	8.31	8.31	8.31	0.00	0.00	0.00	15.77
allreduce	cuda	int64	min	32768	262144	8.33	8.33	8.33	0.00	0.00	0.00	31.47
allreduce	cuda	int64	min	65536	524288	8.50	8.50	8.50	0.00	0.00	0.00	61.68
allreduce	cuda	int64	min	131072	1048576	8.46	8.46	8.46	0.00	0.00	0.00	123.95
allreduce	cuda	int64	min	262144	2097152	8.68	8.68	8.68	0.00	0.00	0.00	241.61
allreduce	cuda	int64	min	524288	4194304	9.73	9.73	9.73	0.00	0.00	0.00	431.07
allreduce	cuda	int64	min	1048576	8388608	10.76	10.76	10.76	0.00	0.00	0.00	779.61
allreduce	cuda	int64	min	2097152	16777216	14.97	14.97	14.97	0.00	0.00	0.00	1120.72
allreduce	cuda	int64	min	4194304	33554432	31.27	31.27	31.27	0.00	0.00	0.00	1073.06
allreduce	cuda	int64	min	8388608	67108864	53.48	53.48	53.48	0.00	0.00	0.00	1254.84
allreduce	cuda	int64	min	16777216	134217728	97.29	97.29	97.29	0.00	0.00	0.00	1379.56
allreduce	cuda	int64	min	33554432	268435456	184.88	184.88	184.88	0.00	0.00	0.00	1451.94
allreduce	cuda	int64	min	67108864	536870912	363.64	363.64	363.64	0.00	0.00	0.00	1476.38
allreduce	cuda	int64	max	1024	8192	8.44	8.44	8.44	0.00	0.00	0.00	0.97
allreduce	cuda	int64	max	2048	16384	8.28	8.28	8.28	0.00	0.00	0.00	1.98
allreduce	cuda	int64	max	4096	32768	8.47	8.47	8.47	0.00	0.00	0.00	3.87
allreduce	cuda	int64	max	8192	65536	8.39	8.39	8.39	0.00	0.00	0.00	7.81
allreduce	cuda	int64	max	16384	131072	8.39	8.39	8.39	0.00	0.00	0.00	15.62
allreduce	cuda	int64	max	32768	262144	8.39	8.39	8.39	0.00	0.00	0.00	31.24
allreduce	cuda	int64	max	65536	524288	8.52	8.52	8.52	0.00	0.00	0.00	61.54
allreduce	cuda	int64	max	131072	1048576	8.52	8.52	8.52	0.00	0.00	0.00	123.07
allreduce	cuda	int64	max	262144	2097152	8.73	8.73	8.73	0.00	0.00	0.00	240.22
allreduce	cuda	int64	max	524288	4194304	9.71	9.71	9.71	0.00	0.00	0.00	431.96
allreduce	cuda	int64	max	1048576	8388608	10.77	10.77	10.77	0.00	0.00	0.00	778.89
allreduce	cuda	int64	max	2097152	16777216	14.98	14.98	14.98	0.00	0.00	0.00	1119.97
allreduce	cuda	int64	max	4194304	33554432	31.27	31.27	31.27	0.00	0.00	0.00	1073.06
allreduce	cuda	int64	max	8388608	67108864	53.38	53.38	53.38	0.00	0.00	0.00	1257.19
allreduce	cuda	int64	max	16777216	134217728	97.33	97.33	97.33	0.00	0.00	0.00	1379.00
allreduce	cuda	int64	max	33554432	268435456	184.97	184.97	184.97	0.00	0.00	0.00	1451.24
allreduce	cuda	int64	max	67108864	536870912	363.61	363.61	363.61	0.00	0.00	0.00	1476.50
allreduce	cuda-mng	float32	sum	1024	4096	12.27	12.27	12.27	0.00	0.00	0.00	0.33
allreduce	cuda-mng	float32	sum	2048	8192	12.04	12.04	12.04	0.00	0.00	0.00	0.68
allreduce	cuda-mng	float32	sum	4096	16384	12.08	12.08	12.08	0.00	0.00	0.00	1.36
allreduce	cuda-mng	float32	sum	8192	32768	12.07	12.07	12.07	0.00	0.00	0.00	2.71
allreduce	cuda-mng	float32	sum	16384	65536	12.10	12.10	12.10	0.00	0.00	0.00	5.42
allreduce	cuda-mng	float32	sum	32768	131072	12.18	12.18	12.18	0.00	0.00	0.00	10.76
allreduce	cuda-mng	float32	sum	65536	262144	12.22	12.22	12.22	0.00	0.00	0.00	21.45
allreduce	cuda-mng	float32	sum	131072	524288	12.42	12.42	12.42	0.00	0.00	0.00	42.21
allreduce	cuda-mng	float32	sum	262144	1048576	12.25	12.25	12.25	0.00	0.00	0.00	85.60
allreduce	cuda-mng	float32	sum	524288	2097152	12.37	12.37	12.37	0.00	0.00	0.00	169.54
allreduce	cuda-mng	float32	sum	1048576	4194304	13.19	13.19	13.19	0.00	0.00	0.00	317.99
allreduce	cuda-mng	float32	sum	2097152	8388608	14.63	14.63	14.63	0.00	0.00	0.00	573.38
allreduce	cuda-mng	float32	sum	4194304	16777216	18.86	18.86	18.86	0.00	0.00	0.00	889.57
allreduce	cuda-mng	float32	sum	8388608	33554432	35.14	35.14	35.14	0.00	0.00	0.00	954.88
allreduce	cuda-mng	float32	sum	16777216	67108864	57.29	57.29	57.29	0.00	0.00	0.00	1171.39
allreduce	cuda-mng	float32	sum	33554432	134217728	101.42	101.42	101.42	0.00	0.00	0.00	1323.39
allreduce	cuda-mng	float32	sum	67108864	268435456	190.22	190.22	190.22	0.00	0.00	0.00	1411.18
allreduce	cuda-mng	float32	prod	1024	4096	8.62	8.62	8.62	0.00	0.00	0.00	0.48
allreduce	cuda-mng	float32	prod	2048	8192	8.25	8.25	8.25	0.00	0.00	0.00	0.99
allreduce	cuda-mng	float32	prod	4096	16384	8.25	8.25	8.25	0.00	0.00	0.00	1.99
allreduce	cuda-mng	float32	prod	8192	32768	8.28	8.28	8.28	0.00	0.00	0.00	3.96
allreduce	cuda-mng	float32	prod	16384	65536	8.30	8.30	8.30	0.00	0.00	0.00	7.90
allreduce	cuda-mng	float32	prod	32768	131072	8.34	8.34	8.34	0.00	0.00	0.00	15.72
allreduce	cuda-mng	float32	prod	65536	262144	8.36	8.36	8.36	0.00	0.00	0.00	31.36
allreduce	cuda-mng	float32	prod	131072	524288	8.54	8.54	8.54	0.00	0.00	0.00	61.39
allreduce	cuda-mng	float32	prod	262144	1048576	8.44	8.44	8.44	0.00	0.00	0.00	124.24
allreduce	cuda-mng	float32	prod	524288	2097152	8.64	8.64	8.64	0.00	0.00	0.00	242.73
allreduce	cuda-mng	float32	prod	1048576	4194304	9.43	9.43	9.43	0.00	0.00	0.00	444.78
allreduce	cuda-mng	float32	prod	2097152	8388608	10.74	10.74	10.74	0.00	0.00	0.00	781.06
allreduce	cuda-mng	float32	prod	4194304	16777216	14.99	14.99	14.99	0.00	0.00	0.00	1119.23
allreduce	cuda-mng	float32	prod	8388608	33554432	31.50	31.50	31.50	0.00	0.00	0.00	1065.22
allreduce	cuda-mng	float32	prod	16777216	67108864	53.65	53.65	53.65	0.00	0.00	0.00	1250.86
allreduce	cuda-mng	float32	prod	33554432	134217728	98.06	98.06	98.06	0.00	0.00	0.00	1368.73
allreduce	cuda-mng	float32	prod	67108864	268435456	186.60	186.60	186.60	0.00	0.00	0.00	1438.56
allreduce	cuda-mng	float32	min	1024	4096	12.45	12.45	12.45	0.00	0.00	0.00	0.33
allreduce	cuda-mng	float32	min	2048	8192	12.18	12.18	12.18	0.00	0.00	0.00	0.67
allreduce	cuda-mng	float32	min	4096	16384	12.16	12.16	12.16	0.00	0.00	0.00	1.35
allreduce	cuda-mng	float32	min	8192	32768	12.22	12.22	12.22	0.00	0.00	0.00	2.68
allreduce	cuda-mng	float32	min	16384	65536	10.96	10.96	10.96	0.00	0.00	0.00	5.98
allreduce	cuda-mng	float32	min	32768	131072	10.61	10.61	10.61	0.00	0.00	0.00	12.35
allreduce	cuda-mng	float32	min	65536	262144	10.42	10.42	10.42	0.00	0.00	0.00	25.16
allreduce	cuda-mng	float32	min	131072	524288	10.47	10.47	10.47	0.00	0.00	0.00	50.08
allreduce	cuda-mng	float32	min	262144	1048576	10.51	10.51	10.51	0.00	0.00	0.00	99.77
allreduce	cuda-mng	float32	min	524288	2097152	10.56	10.56	10.56	0.00	0.00	0.00	198.59
allreduce	cuda-mng	float32	min	1048576	4194304	11.40	11.40	11.40	0.00	0.00	0.00	367.92
allreduce	cuda-mng	float32	min	2097152	8388608	12.43	12.43	12.43	0.00	0.00	0.00	674.87
allreduce	cuda-mng	float32	min	4194304	16777216	16.80	16.80	16.80	0.00	0.00	0.00	998.64
allreduce	cuda-mng	float32	min	8388608	33554432	32.98	32.98	32.98	0.00	0.00	0.00	1017.42
allreduce	cuda-mng	float32	min	16777216	67108864	54.83	54.83	54.83	0.00	0.00	0.00	1223.94
allreduce	cuda-mng	float32	min	33554432	134217728	98.86	98.86	98.86	0.00	0.00	0.00	1357.65
allreduce	cuda-mng	float32	min	67108864	268435456	186.73	186.73	186.73	0.00	0.00	0.00	1437.56
allreduce	cuda-mng	float32	max	1024	4096	10.86	10.86	10.86	0.00	0.00	0.00	0.38
allreduce	cuda-mng	float32	max	2048	8192	10.80	10.80	10.80	0.00	0.00	0.00	0.76
allreduce	cuda-mng	float32	max	4096	16384	10.97	10.97	10.97	0.00	0.00	0.00	1.49
allreduce	cuda-mng	float32	max	8192	32768	11.12	11.12	11.12	0.00	0.00	0.00	2.95
allreduce	cuda-mng	float32	max	16384	65536	11.26	11.26	11.26	0.00	0.00	0.00	5.82
allreduce	cuda-mng	float32	max	32768	131072	11.51	11.51	11.51	0.00	0.00	0.00	11.39
allreduce	cuda-mng	float32	max	65536	262144	11.72	11.72	11.72	0.00	0.00	0.00	22.37
allreduce	cuda-mng	float32	max	131072	524288	12.08	12.08	12.08	0.00	0.00	0.00	43.40
allreduce	cuda-mng	float32	max	262144	1048576	11.85	11.85	11.85	0.00	0.00	0.00	88.49
allreduce	cuda-mng	float32	max	524288	2097152	12.26	12.26	12.26	0.00	0.00	0.00	171.06
allreduce	cuda-mng	float32	max	1048576	4194304	13.12	13.12	13.12	0.00	0.00	0.00	319.69
allreduce	cuda-mng	float32	max	2097152	8388608	14.51	14.51	14.51	0.00	0.00	0.00	578.13
allreduce	cuda-mng	float32	max	4194304	16777216	18.96	18.96	18.96	0.00	0.00	0.00	884.87
allreduce	cuda-mng	float32	max	8388608	33554432	35.30	35.30	35.30	0.00	0.00	0.00	950.55
allreduce	cuda-mng	float32	max	16777216	67108864	57.47	57.47	57.47	0.00	0.00	0.00	1167.72
allreduce	cuda-mng	float32	max	33554432	134217728	101.66	101.66	101.66	0.00	0.00	0.00	1320.26
allreduce	cuda-mng	float32	max	67108864	268435456	188.24	188.24	188.24	0.00	0.00	0.00	1426.03
allreduce	cuda-mng	float64	sum	1024	8192	9.12	9.12	9.12	0.00	0.00	0.00	0.90
allreduce	cuda-mng	float64	sum	2048	16384	8.79	8.79	8.79	0.00	0.00	0.00	1.86
allreduce	cuda-mng	float64	sum	4096	32768	8.74	8.74	8.74	0.00	0.00	0.00	3.75
allreduce	cuda-mng	float64	sum	8192	65536	8.64	8.64	8.64	0.00	0.00	0.00	7.59
allreduce	cuda-mng	float64	sum	16384	131072	8.67	8.67	8.67	0.00	0.00	0.00	15.12
allreduce	cuda-mng	float64	sum	32768	262144	8.63	8.63	8.63	0.00	0.00	0.00	30.38
allreduce	cuda-mng	float64	sum	65536	524288	8.80	8.80	8.80	0.00	0.00	0.00	59.58
allreduce	cuda-mng	float64	sum	131072	1048576	8.74	8.74	8.74	0.00	0.00	0.00	119.97
allreduce	cuda-mng	float64	sum	262144	2097152	8.78	8.78	8.78	0.00	0.00	0.00	238.86
allreduce	cuda-mng	float64	sum	524288	4194304	9.79	9.79	9.79	0.00	0.00	0.00	428.43
allreduce	cuda-mng	float64	sum	1048576	8388608	10.96	10.96	10.96	0.00	0.00	0.00	765.38
allreduce	cuda-mng	float64	sum	2097152	16777216	15.16	15.16	15.16	0.00	0.00	0.00	1106.68
allreduce	cuda-mng	float64	sum	4194304	33554432	31.59	31.59	31.59	0.00	0.00	0.00	1062.19
allreduce	cuda-mng	float64	sum	8388608	67108864	53.72	53.72	53.72	0.00	0.00	0.00	1249.23
allreduce	cuda-mng	float64	sum	16777216	134217728	98.08	98.08	98.08	0.00	0.00	0.00	1368.45
allreduce	cuda-mng	float64	sum	33554432	268435456	186.70	186.70	186.70	0.00	0.00	0.00	1437.79
allreduce	cuda-mng	float64	sum	67108864	536870912	367.14	367.14	367.14	0.00	0.00	0.00	1462.31
allreduce	cuda-mng	float64	prod	1024	8192	8.31	8.31	8.31	0.00	0.00	0.00	0.99
allreduce	cuda-mng	float64	prod	2048	16384	8.59	8.59	8.59	0.00	0.00	0.00	1.91
allreduce	cuda-mng	float64	prod	4096	32768	8.47	8.47	8.47	0.00	0.00	0.00	3.87
allreduce	cuda-mng	float64	prod	8192	65536	8.35	8.35	8.35	0.00	0.00	0.00	7.85
allreduce	cuda-mng	float64	prod	16384	131072	8.40	8.40	8.40	0.00	0.00	0.00	15.60
allreduce	cuda-mng	float64	prod	32768	262144	8.42	8.42	8.42	0.00	0.00	0.00	31.13
allreduce	cuda-mng	float64	prod	65536	524288	8.59	8.59	8.59	0.00	0.00	0.00	61.03
allreduce	cuda-mng	float64	prod	131072	1048576	8.50	8.50	8.50	0.00	0.00	0.00	123.36
allreduce	cuda-mng	float64	prod	262144	2097152	8.70	8.70	8.70	0.00	0.00	0.00	241.05
allreduce	cuda-mng	float64	prod	524288	4194304	9.58	9.58	9.58	0.00	0.00	0.00	437.82
allreduce	cuda-mng	float64	prod	1048576	8388608	10.76	10.76	10.76	0.00	0.00	0.00	779.61
allreduce	cuda-mng	float64	prod	2097152	16777216	14.99	14.99	14.99	0.00	0.00	0.00	1119.23
allreduce	cuda-mng	float64	prod	4194304	33554432	31.50	31.50	31.50	0.00	0.00	0.00	1065.22
allreduce	cuda-mng	float64	prod	8388608	67108864	53.77	53.77	53.77	0.00	0.00	0.00	1248.07
allreduce	cuda-mng	float64	prod	16777216	134217728	98.14	98.14	98.14	0.00	0.00	0.00	1367.61
allreduce	cuda-mng	float64	prod	33554432	268435456	186.70	186.70	186.70	0.00	0.00	0.00	1437.79
allreduce	cuda-mng	float64	prod	67108864	536870912	367.12	367.12	367.12	0.00	0.00	0.00	1462.39
allreduce	cuda-mng	float64	min	1024	8192	8.41	8.41	8.41	0.00	0.00	0.00	0.97
allreduce	cuda-mng	float64	min	2048	16384	8.27	8.27	8.27	0.00	0.00	0.00	1.98
allreduce	cuda-mng	float64	min	4096	32768	8.33	8.33	8.33	0.00	0.00	0.00	3.93
allreduce	cuda-mng	float64	min	8192	65536	8.32	8.32	8.32	0.00	0.00	0.00	7.88
allreduce	cuda-mng	float64	min	16384	131072	8.37	8.37	8.37	0.00	0.00	0.00	15.66
allreduce	cuda-mng	float64	min	32768	262144	8.37	8.37	8.37	0.00	0.00	0.00	31.32
allreduce	cuda-mng	float64	min	65536	524288	8.55	8.55	8.55	0.00	0.00	0.00	61.32
allreduce	cuda-mng	float64	min	131072	1048576	8.42	8.42	8.42	0.00	0.00	0.00	124.53
allreduce	cuda-mng	float64	min	262144	2097152	8.69	8.69	8.69	0.00	0.00	0.00	241.33
allreduce	cuda-mng	float64	min	524288	4194304	9.54	9.54	9.54	0.00	0.00	0.00	439.65
allreduce	cuda-mng	float64	min	1048576	8388608	10.74	10.74	10.74	0.00	0.00	0.00	781.06
allreduce	cuda-mng	float64	min	2097152	16777216	14.99	14.99	14.99	0.00	0.00	0.00	1119.23
allreduce	cuda-mng	float64	min	4194304	33554432	31.52	31.52	31.52	0.00	0.00	0.00	1064.54
allreduce	cuda-mng	float64	min	8388608	67108864	53.60	53.60	53.60	0.00	0.00	0.00	1252.03
allreduce	cuda-mng	float64	min	16777216	134217728	98.09	98.09	98.09	0.00	0.00	0.00	1368.31
allreduce	cuda-mng	float64	min	33554432	268435456	186.59	186.59	186.59	0.00	0.00	0.00	1438.64
allreduce	cuda-mng	float64	min	67108864	536870912	367.15	367.15	367.15	0.00	0.00	0.00	1462.27
allreduce	cuda-mng	float64	max	1024	8192	8.50	8.50	8.50	0.00	0.00	0.00	0.96
allreduce	cuda-mng	float64	max	2048	16384	8.55	8.55	8.55	0.00	0.00	0.00	1.92
allreduce	cuda-mng	float64	max	4096	32768	8.28	8.28	8.28	0.00	0.00	0.00	3.96
allreduce	cuda-mng	float64	max	8192	65536	8.29	8.29	8.29	0.00	0.00	0.00	7.91
allreduce	cuda-mng	float64	max	16384	131072	8.34	8.34	8.34	0.00	0.00	0.00	15.72
allreduce	cuda-mng	float64	max	32768	262144	8.37	8.37	8.37	0.00	0.00	0.00	31.32
allreduce	cuda-mng	float64	max	65536	524288	8.59	8.59	8.59	0.00	0.00	0.00	61.03
allreduce	cuda-mng	float64	max	131072	1048576	8.39	8.39	8.39	0.00	0.00	0.00	124.98
allreduce	cuda-mng	float64	max	262144	2097152	8.71	8.71	8.71	0.00	0.00	0.00	240.78
allreduce	cuda-mng	float64	max	524288	4194304	9.60	9.60	9.60	0.00	0.00	0.00	436.91
allreduce	cuda-mng	float64	max	1048576	8388608	10.72	10.72	10.72	0.00	0.00	0.00	782.52
allreduce	cuda-mng	float64	max	2097152	16777216	14.99	14.99	14.99	0.00	0.00	0.00	1119.23
allreduce	cuda-mng	float64	max	4194304	33554432	31.43	31.43	31.43	0.00	0.00	0.00	1067.59
allreduce	cuda-mng	float64	max	8388608	67108864	53.66	53.66	53.66	0.00	0.00	0.00	1250.63
allreduce	cuda-mng	float64	max	16777216	134217728	98.12	98.12	98.12	0.00	0.00	0.00	1367.89
allreduce	cuda-mng	float64	max	33554432	268435456	186.62	186.62	186.62	0.00	0.00	0.00	1438.41
allreduce	cuda-mng	float64	max	67108864	536870912	367.08	367.08	367.08	0.00	0.00	0.00	1462.54
allreduce	cuda-mng	int32	sum	1024	4096	11.54	11.54	11.54	0.00	0.00	0.00	0.35
allreduce	cuda-mng	int32	sum	2048	8192	10.96	10.96	10.96	0.00	0.00	0.00	0.75
allreduce	cuda-mng	int32	sum	4096	16384	9.94	9.94	9.94	0.00	0.00	0.00	1.65
allreduce	cuda-mng	int32	sum	8192	32768	9.71	9.71	9.71	0.00	0.00	0.00	3.37
allreduce	cuda-mng	int32	sum	16384	65536	9.66	9.66	9.66	0.00	0.00	0.00	6.78
allreduce	cuda-mng	int32	sum	32768	131072	9.60	9.60	9.60	0.00	0.00	0.00	13.65
allreduce	cuda-mng	int32	sum	65536	262144	9.50	9.50	9.50	0.00	0.00	0.00	27.59
allreduce	cuda-mng	int32	sum	131072	524288	9.79	9.79	9.79	0.00	0.00	0.00	53.55
allreduce	cuda-mng	int32	sum	262144	1048576	9.94	9.94	9.94	0.00	0.00	0.00	105.49
allreduce	cuda-mng	int32	sum	524288	2097152	9.79	9.79	9.79	0.00	0.00	0.00	214.21
allreduce	cuda-mng	int32	sum	1048576	4194304	10.52	10.52	10.52	0.00	0.00	0.00	398.70
allreduce	cuda-mng	int32	sum	2097152	8388608	11.81	11.81	11.81	0.00	0.00	0.00	710.30
allreduce	cuda-mng	int32	sum	4194304	16777216	16.09	16.09	16.09	0.00	0.00	0.00	1042.71
allreduce	cuda-mng	int32	sum	8388608	33554432	32.19	32.19	32.19	0.00	0.00	0.00	1042.39
allreduce	cuda-mng	int32	sum	16777216	67108864	54.12	54.12	54.12	0.00	0.00	0.00	1240.00
allreduce	cuda-mng	int32	sum	33554432	134217728	98.39	98.39	98.39	0.00	0.00	0.00	1364.14
allreduce	cuda-mng	int32	sum	67108864	268435456	186.67	186.67	186.67	0.00	0.00	0.00	1438.02
allreduce	cuda-mng	int32	prod	1024	4096	9.96	9.96	9.96	0.00	0.00	0.00	0.41
allreduce	cuda-mng	int32	prod	2048	8192	9.95	9.95	9.95	0.00	0.00	0.00	0.82
allreduce	cuda-mng	int32	prod	4096	16384	9.97	9.97	9.97	0.00	0.00	0.00	1.64
allreduce	cuda-mng	int32	prod	8192	32768	9.99	9.99	9.99	0.00	0.00	0.00	3.28
allreduce	cuda-mng	int32	prod	16384	65536	10.00	10.00	10.00	0.00	0.00	0.00	6.55
allreduce	cuda-mng	int32	prod	32768	131072	10.09	10.09	10.09	0.00	0.00	0.00	12.99
allreduce	cuda-mng	int32	prod	65536	262144	10.06	10.06	10.06	0.00	0.00	0.00	26.06
allreduce	cuda-mng	int32	prod	131072	524288	10.35	10.35	10.35	0.00	0.00	0.00	50.66
allreduce	cuda-mng	int32	prod	262144	1048576	10.29	10.29	10.29	0.00	0.00	0.00	101.90
allreduce	cuda-mng	int32	prod	524288	2097152	10.48	10.48	10.48	0.00	0.00	0.00	200.11
allreduce	cuda-mng	int32	prod	1048576	4194304	11.22	11.22	11.22	0.00	0.00	0.00	373.82
allreduce	cuda-mng	int32	prod	2097152	8388608	12.55	12.55	12.55	0.00	0.00	0.00	668.41
allreduce	cuda-mng	int32	prod	4194304	16777216	16.91	16.91	16.91	0.00	0.00	0.00	992.15
allreduce	cuda-mng	int32	prod	8388608	33554432	33.37	33.37	33.37	0.00	0.00	0.00	1005.53
allreduce	cuda-mng	int32	prod	16777216	67108864	55.59	55.59	55.59	0.00	0.00	0.00	1207.21
allreduce	cuda-mng	int32	prod	33554432	134217728	99.97	99.97	99.97	0.00	0.00	0.00	1342.58
allreduce	cuda-mng	int32	prod	67108864	268435456	188.86	188.86	188.86	0.00	0.00	0.00	1421.35
allreduce	cuda-mng	int32	min	1024	4096	8.28	8.28	8.28	0.00	0.00	0.00	0.49
allreduce	cuda-mng	int32	min	2048	8192	8.48	8.48	8.48	0.00	0.00	0.00	0.97
allreduce	cuda-mng	int32	min	4096	16384	8.30	8.30	8.30	0.00	0.00	0.00	1.97
allreduce	cuda-mng	int32	min	8192	32768	8.26	8.26	8.26	0.00	0.00	0.00	3.97
allreduce	cuda-mng	int32	min	16384	65536	8.30	8.30	8.30	0.00	0.00	0.00	7.90
allreduce	cuda-mng	int32	min	32768	131072	8.34	8.34	8.34	0.00	0.00	0.00	15.72
allreduce	cuda-mng	int32	min	65536	262144	8.38	8.38	8.38	0.00	0.00	0.00	31.28
allreduce	cuda-mng	int32	min	131072	524288	8.52	8.52	8.52	0.00	0.00	0.00	61.54
allreduce	cuda-mng	int32	min	262144	1048576	8.53	8.53	8.53	0.00	0.00	0.00	122.93
allreduce	cuda-mng	int32	min	524288	2097152	8.65	8.65	8.65	0.00	0.00	0.00	242.45
allreduce	cuda-mng	int32	min	1048576	4194304	9.53	9.53	9.53	0.00	0.00	0.00	440.12
allreduce	cuda-mng	int32	min	2097152	8388608	10.77	10.77	10.77	0.00	0.00	0.00	778.89
allreduce	cuda-mng	int32	min	4194304	16777216	15.10	15.10	15.10	0.00	0.00	0.00	1111.07
allreduce	cuda-mng	int32	min	8388608	33554432	31.48	31.48	31.48	0.00	0.00	0.00	1065.90
allreduce	cuda-mng	int32	min	16777216	67108864	53.65	53.65	53.65	0.00	0.00	0.00	1250.86
allreduce	cuda-mng	int32	min	33554432	134217728	98.06	98.06	98.06	0.00	0.00	0.00	1368.73
allreduce	cuda-mng	int32	min	67108864	268435456	186.53	186.53	186.53	0.00	0.00	0.00	1439.10
allreduce	cuda-mng	int32	max	1024	4096	10.05	10.05	10.05	0.00	0.00	0.00	0.41
allreduce	cuda-mng	int32	max	2048	8192	10.05	10.05	10.05	0.00	0.00	0.00	0.82
allreduce	cuda-mng	int32	max	4096	16384	10.03	10.03	10.03	0.00	0.00	0.00	1.63
allreduce	cuda-mng	int32	max	8192	32768	10.05	10.05	10.05	0.00	0.00	0.00	3.26
allreduce	cuda-mng	int32	max	16384	65536	10.07	10.07	10.07	0.00	0.00	0.00	6.51
allreduce	cuda-mng	int32	max	32768	131072	10.09	10.09	10.09	0.00	0.00	0.00	12.99
allreduce	cuda-mng	int32	max	65536	262144	10.05	10.05	10.05	0.00	0.00	0.00	26.08
allreduce	cuda-mng	int32	max	131072	524288	10.29	10.29	10.29	0.00	0.00	0.00	50.95
allreduce	cuda-mng	int32	max	262144	1048576	10.21	10.21	10.21	0.00	0.00	0.00	102.70
allreduce	cuda-mng	int32	max	524288	2097152	10.36	10.36	10.36	0.00	0.00	0.00	202.43
allreduce	cuda-mng	int32	max	1048576	4194304	11.24	11.24	11.24	0.00	0.00	0.00	373.16
allreduce	cuda-mng	int32	max	2097152	8388608	12.54	12.54	12.54	0.00	0.00	0.00	668.95
allreduce	cuda-mng	int32	max	4194304	16777216	16.84	16.84	16.84	0.00	0.00	0.00	996.27
allreduce	cuda-mng	int32	max	8388608	33554432	33.17	33.17	33.17	0.00	0.00	0.00	1011.59
allreduce	cuda-mng	int32	max	16777216	67108864	55.37	55.37	55.37	0.00	0.00	0.00	1212.01
allreduce	cuda-mng	int32	max	33554432	134217728	99.31	99.31	99.31	0.00	0.00	0.00	1351.50
allreduce	cuda-mng	int32	max	67108864	268435456	186.62	186.62	186.62	0.00	0.00	0.00	1438.41
allreduce	cuda-mng	int64	sum	1024	8192	8.93	8.93	8.93	0.00	0.00	0.00	0.92
allreduce	cuda-mng	int64	sum	2048	16384	8.85	8.85	8.85	0.00	0.00	0.00	1.85
allreduce	cuda-mng	int64	sum	4096	32768	8.96	8.96	8.96	0.00	0.00	0.00	3.66
allreduce	cuda-mng	int64	sum	8192	65536	8.78	8.78	8.78	0.00	0.00	0.00	7.46
allreduce	cuda-mng	int64	sum	16384	131072	8.71	8.71	8.71	0.00	0.00	0.00	15.05
allreduce	cuda-mng	int64	sum	32768	262144	8.72	8.72	8.72	0.00	0.00	0.00	30.06
allreduce	cuda-mng	int64	sum	65536	524288	8.84	8.84	8.84	0.00	0.00	0.00	59.31
allreduce	cuda-mng	int64	sum	131072	1048576	8.75	8.75	8.75	0.00	0.00	0.00	119.84
allreduce	cuda-mng	int64	sum	262144	2097152	9.10	9.10	9.10	0.00	0.00	0.00	230.46
allreduce	cuda-mng	int64	sum	524288	4194304	9.82	9.82	9.82	0.00	0.00	0.00	427.12
allreduce	cuda-mng	int64	sum	1048576	8388608	11.01	11.01	11.01	0.00	0.00	0.00	761.91
allreduce	cuda-mng	int64	sum	2097152	16777216	15.25	15.25	15.25	0.00	0.00	0.00	1100.15
allreduce	cuda-mng	int64	sum	4194304	33554432	31.68	31.68	31.68	0.00	0.00	0.00	1059.17
allreduce	cuda-mng	int64	sum	8388608	67108864	53.78	53.78	53.78	0.00	0.00	0.00	1247.84
allreduce	cuda-mng	int64	sum	16777216	134217728	98.10	98.10	98.10	0.00	0.00	0.00	1368.17
allreduce	cuda-mng	int64	sum	33554432	268435456	186.68	186.68	186.68	0.00	0.00	0.00	1437.94
allreduce	cuda-mng	int64	sum	67108864	536870912	367.15	367.15	367.15	0.00	0.00	0.00	1462.27
allreduce	cuda-mng	int64	prod	1024	8192	8.40	8.40	8.40	0.00	0.00	0.00	0.98
allreduce	cuda-mng	int64	prod	2048	16384	8.38	8.38	8.38	0.00	0.00	0.00	1.96
allreduce	cuda-mng	int64	prod	4096	32768	8.41	8.41	8.41	0.00	0.00	0.00	3.90
allreduce	cuda-mng	int64	prod	8192	65536	8.40	8.40	8.40	0.00	0.00	0.00	7.80
allreduce	cuda-mng	int64	prod	16384	131072	8.45	8.45	8.45	0.00	0.00	0.00	15.51
allreduce	cuda-mng	int64	prod	32768	262144	8.45	8.45	8.45	0.00	0.00	0.00	31.02
allreduce	cuda-mng	int64	prod	65536	524288	8.57	8.57	8.57	0.00	0.00	0.00	61.18
allreduce	cuda-mng	int64	prod	131072	1048576	8.55	8.55	8.55	0.00	0.00	0.00	122.64
allreduce	cuda-mng	int64	prod	262144	2097152	8.79	8.79	8.79	0.00	0.00	0.00	238.58
allreduce	cuda-mng	int64	prod	524288	4194304	9.70	9.70	9.70	0.00	0.00	0.00	432.40
allreduce	cuda-mng	int64	prod	1048576	8388608	10.91	10.91	10.91	0.00	0.00	0.00	768.89
allreduce	cuda-mng	int64	prod	2097152	16777216	15.14	15.14	15.14	0.00	0.00	0.00	1108.14
allreduce	cuda-mng	int64	prod	4194304	33554432	31.62	31.62	31.62	0.00	0.00	0.00	1061.18
allreduce	cuda-mng	int64	prod	8388608	67108864	54.20	54.20	54.20	0.00	0.00	0.00	1238.17
allreduce	cuda-mng	int64	prod	16777216	134217728	98.22	98.22	98.22	0.00	0.00	0.00	1366.50
allreduce	cuda-mng	int64	prod	33554432	268435456	186.85	186.85	186.85	0.00	0.00	0.00	1436.64
allreduce	cuda-mng	int64	prod	67108864	536870912	367.35	367.35	367.35	0.00	0.00	0.00	1461.47
allreduce	cuda-mng	int64	min	1024	8192	12.20	12.20	12.20	0.00	0.00	0.00	0.67
allreduce	cuda-mng	int64	min	2048	16384	12.14	12.14	12.14	0.00	0.00	0.00	1.35
allreduce	cuda-mng	int64	min	4096	32768	12.19	12.19	12.19	0.00	0.00	0.00	2.69
allreduce	cuda-mng	int64	min	8192	65536	12.16	12.16	12.16	0.00	0.00	0.00	5.39
allreduce	cuda-mng	int64	min	16384	131072	12.28	12.28	12.28	0.00	0.00	0.00	10.67
allreduce	cuda-mng	int64	min	32768	262144	12.30	12.30	12.30	0.00	0.00	0.00	21.31
allreduce	cuda-mng	int64	min	65536	524288	12.31	12.31	12.31	0.00	0.00	0.00	42.59
allreduce	cuda-mng	int64	min	131072	1048576	12.30	12.30	12.30	0.00	0.00	0.00	85.25
allreduce	cuda-mng	int64	min	262144	2097152	12.55	12.55	12.55	0.00	0.00	0.00	167.10
allreduce	cuda-mng	int64	min	524288	4194304	13.31	13.31	13.31	0.00	0.00	0.00	315.12
allreduce	cuda-mng	int64	min	1048576	8388608	14.57	14.57	14.57	0.00	0.00	0.00	575.75
allreduce	cuda-mng	int64	min	2097152	16777216	18.86	18.86	18.86	0.00	0.00	0.00	889.57
allreduce	cuda-mng	int64	min	4194304	33554432	35.43	35.43	35.43	0.00	0.00	0.00	947.06
allreduce	cuda-mng	int64	min	8388608	67108864	57.42	57.42	57.42	0.00	0.00	0.00	1168.74
allreduce	cuda-mng	int64	min	16777216	134217728	101.46	101.46	101.46	0.00	0.00	0.00	1322.86
allreduce	cuda-mng	int64	min	33554432	268435456	190.48	190.48	190.48	0.00	0.00	0.00	1409.26
allreduce	cuda-mng	int64	min	67108864	536870912	371.10	371.10	371.10	0.00	0.00	0.00	1446.70
allreduce	cuda-mng	int64	max	1024	8192	11.21	11.21	11.21	0.00	0.00	0.00	0.73
allreduce	cuda-mng	int64	max	2048	16384	11.26	11.26	11.26	0.00	0.00	0.00	1.46
allreduce	cuda-mng	int64	max	4096	32768	11.46	11.46	11.46	0.00	0.00	0.00	2.86
allreduce	cuda-mng	int64	max	8192	65536	11.75	11.75	11.75	0.00	0.00	0.00	5.58
allreduce	cuda-mng	int64	max	16384	131072	12.07	12.07	12.07	0.00	0.00	0.00	10.86
allreduce	cuda-mng	int64	max	32768	262144	12.14	12.14	12.14	0.00	0.00	0.00	21.59
allreduce	cuda-mng	int64	max	65536	524288	12.27	12.27	12.27	0.00	0.00	0.00	42.73
allreduce	cuda-mng	int64	max	131072	1048576	12.37	12.37	12.37	0.00	0.00	0.00	84.77
allreduce	cuda-mng	int64	max	262144	2097152	12.47	12.47	12.47	0.00	0.00	0.00	168.18
allreduce	cuda-mng	int64	max	524288	4194304	13.42	13.42	13.42	0.00	0.00	0.00	312.54
allreduce	cuda-mng	int64	max	1048576	8388608	14.63	14.63	14.63	0.00	0.00	0.00	573.38
allreduce	cuda-mng	int64	max	2097152	16777216	19.02	19.02	19.02	0.00	0.00	0.00	882.08
allreduce	cuda-mng	int64	max	4194304	33554432	35.34	35.34	35.34	0.00	0.00	0.00	949.47
allreduce	cuda-mng	int64	max	8388608	67108864	57.49	57.49	57.49	0.00	0.00	0.00	1167.31
allreduce	cuda-mng	int64	max	16777216	134217728	101.69	101.69	101.69	0.00	0.00	0.00	1319.87
allreduce	cuda-mng	int64	max	33554432	268435456	187.91	187.91	187.91	0.00	0.00	0.00	1428.53
allreduce	cuda-mng	int64	max	67108864	536870912	367.17	367.17	367.17	0.00	0.00	0.00	1462.19
